SID,COL,SCODE,YEAR,TASK,E101,E102,E103,E104,E105,E106,E107,E108,E109,E110,E111,E112,E113,E114,E115,E116,E117,E118,E119,E120,E121,E122,E123,E124,E125,E126,E127,E128,E129,E130,E131,E132,E133,E134,E135,E136,E137,E138,E139,E140,E141,E142,E143,E144,E145,E146,E147,E148,E149,E150,E151,E152,E153,E154,E155,E156,E157,E158,E201,E202,E203,E204,E205,E206,E207,E208,E209,E210,E211,E212,E213,E214,E215,E216,E217,E218,E219
310151101010001H04201,1,1.042.01h,2017,4,,,,,,,,,,,,,,,,,,,,,,,,,,,,,,,,,,,,,,,,,,,,,,,,,,,,,,,,,,,,,,,,,,,,,,,,,,,,,
310151101010001H07401,1,1.074.01h,2017,4,,,,,,,,,,,,,,,,,,,,,,,,,,,,,,,,,,,,,,,,,,,,,,,,,,,,,,,,,,,,,,,,,,,,,,,,,,,,,
310151101010001H05101,1,1.051.01h,2017,4,,,,,,,,,,,,,,,,,,,,,,,,,,,,,,,,,,,,,,,,,,,,,,,,,,,,,,,,,,,,,,,,,,,,,,,,,,,,,
310151101010001H06201,1,1.062.01h,2017,4,,,,,,,,,,,,,,,,,,,,,,,,,,,,,,,,,,,,,,,,,,,,,,,,,,,,,,,,,,,,,,,,,,,,,,,,,,,,,
310151101010001H03501,1,1.035.01h,2017,4,,,,,,,,,,,,,,,,,,,,,,,,,,,,,,,,,,,,,,,,,,,,,,,,,,,,,,,,,,,,,,,,,,,,,,,,,,,,,
310151101010001H06901,1,1.069.01h,2017,4,,,,,,,,,,,,,,,,,,,,,,,,,,,,,,,,,,,,,,,,,,,,,,,,,,,,,,,,,,,,,,,,,,,,,,,,,,,,,
310151101010001H07101,1,1.071.01h,2017,4,,,,,,,,,,,,,,,,,,,,,,,,,,,,,,,,,,,,,,,,,,,,,,,,,,,,,,,,,,,,,,,,,,,,,,,,,,,,,
310151101010001H08001,1,1.080.01h,2017,4,,,,,,,,,,,,,,,,,,,,,,,,,,,,,,,,,,,,,,,,,,,,,,,,,,,,,,,,,,,,,,,,,,,,,,,,,,,,,
310151101010001H02901,1,1.029.01h,2017,4,,,,,,,,,,,,,,,,,,,,,,,,,,,,,,,,,,,,,,,,,,,,,,,,,,,,,,,,,,,,,,,,,,,,,,,,,,,,,
310151101010001H04601,1,1.046.01h,2017,4,,,,,,,,,,,,,,,,,,,,,,,,,,,,,,,,,,,,,,,,,,,,,,,,,,,,,,,,,,,,,,,,,,,,,,,,,,,,,
310151101010001H05501,1,1.055.01h,2017,4,,,,,,,,,,,,,,,,,,,,,,,,,,,,,,,,,,,,,,,,,,,,,,,,,,,,,,,,,,,,,,,,,,,,,,,,,,,,,
310151101010001H05701,1,1.057.01h,2017,4,,,,,,,,,,,,,,,,,,,,,,,,,,,,,,,,,,,,,,,,,,,,,,,,,,,,,,,,,,,,,,,,,,,,,,,,,,,,,
310151101010001H04901,1,1.049.01h,2017,4,,,,,,,,,,,,,,,,,,,,,,,,,,,,,,,,,,,,,,,,,,,,,,,,,,,,,,,,,,,,,,,,,,,,,,,,,,,,,
310151101010001H04401,1,1.044.01h,2017,4,,,,,,,,,,,,,,,,,,,,,,,,,,,,,,,,,,,,,,,,,,,,,,,,,,,,,,,,,,,,,,,,,,,,,,,,,,,,,
310151101010001H03901,1,1.039.01h,2017,4,,,,,,,,,,,,,,,,,,,,,,,,,,,,,,,,,,,,,,,,,,,,,,,,,,,,,,,,,,,,,,,,,,,,,,,,,,,,,
310151101012001H04101,1,2.041.01h,2017,4,,,,,,,,,,,,,,,,,,,,,,,,,,,,,,,,,,,,,,,,,,,,,,,,,,,,,,,,,,,,,,,,,,,,,,,,,,,,,
310151101012001H07601,1,2.076.01h,2017,4,,,,,,,,,,,,,,,,,,,,,,,,,,,,,,,,,,,,,,,,,,,,,,,,,,,,,,,,,,,,,,,,,,,,,,,,,,,,,
310151101012001H01401,1,2.014.01h,2017,4,,,,,,,,,,,,,,,,,,,,,,,,,,,,,,,,,,,,,,,,,,,,,,,,,,,,,,,,,,,,,,,,,,,,,,,,,,,,,
310151101012001H05201,1,2.052.01h,2017,4,,,,,,,,,,,,,,,,,,,,,,,,,,,,,,,,,,,,,,,,,,,,,,,,,,,,,,,,,,,,,,,,,,,,,,,,,,,,,
310151101012001H04501,1,2.045.01h,2017,4,,,,,,,,,,,,,,,,,,,,,,,,,,,,,,,,,,,,,,,,,,,,,,,,,,,,,,,,,,,,,,,,,,,,,,,,,,,,,
310151101012001H07001,1,2.070.01h,2017,4,,,,,,,,,,,,,,,,,,,,,,,,,,,,,,,,,,,,,,,,,,,,,,,,,,,,,,,,,,,,,,,,,,,,,,,,,,,,,
310151101012001H03301,1,2.033.01h,2017,4,,,,,,,,,,,,,,,,,,,,,,,,,,,,,,,,,,,,,,,,,,,,,,,,,,,,,,,,,,,,,,,,,,,,,,,,,,,,,
310151101012001H02301,1,2.023.01h,2017,4,,,,,,,,,,,,,,,,,,,,,,,,,,,,,,,,,,,,,,,,,,,,,,,,,,,,,,,,,,,,,,,,,,,,,,,,,,,,,
310151101012001H06801,1,2.068.01h,2017,4,,,,,,,,,,,,,,,,,,,,,,,,,,,,,,,,,,,,,,,,,,,,,,,,,,,,,,,,,,,,,,,,,,,,,,,,,,,,,
310151101012001H04601,1,2.046.01h,2017,4,,,,,,,,,,,,,,,,,,,,,,,,,,,,,,,,,,,,,,,,,,,,,,,,,,,,,,,,,,,,,,,,,,,,,,,,,,,,,
310151101012001H07301,1,2.073.01h,2017,4,,,,,,,,,,,,,,,,,,,,,,,,,,,,,,,,,,,,,,,,,,,,,,,,,,,,,,,,,,,,,,,,,,,,,,,,,,,,,
310151101012001H02001,1,2.020.01h,2017,4,,,,,,,,,,,,,,,,,,,,,,,,,,,,,,,,,,,,,,,,,,,,,,,,,,,,,,,,,,,,,,,,,,,,,,,,,,,,,
310151101012001H04701,1,2.047.01h,2017,4,,,,,,,,,,,,,,,,,,,,,,,,,,,,,,,,,,,,,,,,,,,,,,,,,,,,,,,,,,,,,,,,,,,,,,,,,,,,,
310151101012001H00901,1,2.009.01h,2017,4,,,,,,,,,,,,,,,,,,,,,,,,,,,,,,,,,,,,,,,,,,,,,,,,,,,,,,,,,,,,,,,,,,,,,,,,,,,,,
310151101012001H07401,1,2.074.01h,2017,4,,,,,,,,,,,,,,,,,,,,,,,,,,,,,,,,,,,,,,,,,,,,,,,,,,,,,,,,,,,,,,,,,,,,,,,,,,,,,
310151101012001H03501,1,2.035.01h,2017,4,,,,,,,,,,,,,,,,,,,,,,,,,,,,,,,,,,,,,,,,,,,,,,,,,,,,,,,,,,,,,,,,,,,,,,,,,,,,,
310151101024001H05501,1,3.055.01h,2017,4,,,,,,,,,,,,,,,,,,,,,,,,,,,,,,,,,,,,,,,,,,,,,,,,,,,,,,,,,,,,,,,,,,,,,,,,,,,,,
310151101024001H01501,1,3.015.01h,2017,4,,,,,,,,,,,,,,,,,,,,,,,,,,,,,,,,,,,,,,,,,,,,,,,,,,,,,,,,,,,,,,,,,,,,,,,,,,,,,
310151101024001H04901,1,3.049.01h,2017,4,,,,,,,,,,,,,,,,,,,,,,,,,,,,,,,,,,,,,,,,,,,,,,,,,,,,,,,,,,,,,,,,,,,,,,,,,,,,,
310151101024001H04001,1,3.040.01h,2017,4,,,,,,,,,,,,,,,,,,,,,,,,,,,,,,,,,,,,,,,,,,,,,,,,,,,,,,,,,,,,,,,,,,,,,,,,,,,,,
310151101024001H04401,1,3.044.01h,2017,4,,,,,,,,,,,,,,,,,,,,,,,,,,,,,,,,,,,,,,,,,,,,,,,,,,,,,,,,,,,,,,,,,,,,,,,,,,,,,
310151101024001H03801,1,3.038.01h,2017,4,,,,,,,,,,,,,,,,,,,,,,,,,,,,,,,,,,,,,,,,,,,,,,,,,,,,,,,,,,,,,,,,,,,,,,,,,,,,,
310151101024001H05901,1,3.059.01h,2017,4,,,,,,,,,,,,,,,,,,,,,,,,,,,,,,,,,,,,,,,,,,,,,,,,,,,,,,,,,,,,,,,,,,,,,,,,,,,,,
310151101024001H01001,1,3.010.01h,2017,4,,,,,,,,,,,,,,,,,,,,,,,,,,,,,,,,,,,,,,,,,,,,,,,,,,,,,,,,,,,,,,,,,,,,,,,,,,,,,
310151101024001H05001,1,3.050.01h,2017,4,,,,,,,,,,,,,,,,,,,,,,,,,,,,,,,,,,,,,,,,,,,,,,,,,,,,,,,,,,,,,,,,,,,,,,,,,,,,,
310151101024001H07901,1,3.079.01h,2017,4,,,,,,,,,,,,,,,,,,,,,,,,,,,,,,,,,,,,,,,,,,,,,,,,,,,,,,,,,,,,,,,,,,,,,,,,,,,,,
310151101024001H00601,1,3.006.01h,2017,4,,,,,,,,,,,,,,,,,,,,,,,,,,,,,,,,,,,,,,,,,,,,,,,,,,,,,,,,,,,,,,,,,,,,,,,,,,,,,
310151101024001H07801,1,3.078.01h,2017,4,,,,,,,,,,,,,,,,,,,,,,,,,,,,,,,,,,,,,,,,,,,,,,,,,,,,,,,,,,,,,,,,,,,,,,,,,,,,,
310151101024001H06201,1,3.062.01h,2017,4,,,,,,,,,,,,,,,,,,,,,,,,,,,,,,,,,,,,,,,,,,,,,,,,,,,,,,,,,,,,,,,,,,,,,,,,,,,,,
310151101024001H06101,1,3.061.01h,2017,4,,,,,,,,,,,,,,,,,,,,,,,,,,,,,,,,,,,,,,,,,,,,,,,,,,,,,,,,,,,,,,,,,,,,,,,,,,,,,
310151101024001H07101,1,3.071.01h,2017,4,,,,,,,,,,,,,,,,,,,,,,,,,,,,,,,,,,,,,,,,,,,,,,,,,,,,,,,,,,,,,,,,,,,,,,,,,,,,,
310151101024001H06401,1,3.064.01h,2017,4,,,,,,,,,,,,,,,,,,,,,,,,,,,,,,,,,,,,,,,,,,,,,,,,,,,,,,,,,,,,,,,,,,,,,,,,,,,,,
310151101025001H00201,1,4.002.01h,2017,4,,,,,,,,,,,,,,,,,,,,,,,,,,,,,,,,,,,,,,,,,,,,,,,,,,,,,,,,,,,,,,,,,,,,,,,,,,,,,
310151101025001H01501,1,4.015.01h,2017,4,,,,,,,,,,,,,,,,,,,,,,,,,,,,,,,,,,,,,,,,,,,,,,,,,,,,,,,,,,,,,,,,,,,,,,,,,,,,,
310151101025001H07401,1,4.074.01h,2017,4,,,,,,,,,,,,,,,,,,,,,,,,,,,,,,,,,,,,,,,,,,,,,,,,,,,,,,,,,,,,,,,,,,,,,,,,,,,,,
310151101025001H02801,1,4.028.01h,2017,4,,,,,,,,,,,,,,,,,,,,,,,,,,,,,,,,,,,,,,,,,,,,,,,,,,,,,,,,,,,,,,,5000,,,,,,,,,,,,,,
310151101025001H07701,1,4.077.01h,2017,4,,,,,,,,,,,,,,,,,,,,,,,,,,,,,,,,,,,,,,,,,,,,,,,,,,,,,,,,,,,,,,,,,,,,,,,,,,,,,
310151101025001H08001,1,4.080.01h,2017,4,,,,,,,,,,,,,,,,,,,,,,,,,,,,,,,,,,,,,,,,,,,,,,,,,,,,,,,,,,,,,,,,,,,,,,,,,,,,,
310151101025001H04701,1,4.047.01h,2017,4,,,,,,,,,,,,,,,,,,,,,,,,,,,,,,,,,,,,,,,,,,,,,,,,,,,,,,,,,,,,,,,,,,,,,,,,,,,,,
310151101025001H07501,1,4.075.01h,2017,4,,,,,,,,,,,,,,,,,,,,,,,,,,,,,,,,,,,,,,,,,,,,,,,,,,,,,,,,,,,,,,,,,,,,,,,,,,,,,
310151101025001H01401,1,4.014.01h,2017,4,,,,,,,,,,,,,,,,,,,,,,,,,,,,,,,,,,,,,,,,,,,,,,,,,,,,,,,,,,,,,,,,,,,,,,,,,,,,,
310151101025001H00101,1,4.001.01h,2017,4,,,,,,,,,,,,,,,,,,,,,,,,,,,,,,,,,,,,,,,,,,,,,,,,,,,,,,,,,,,,,,,,,,,,,,,,,,,,,
310151101025001H00401,1,4.004.01h,2017,4,,,,,,,,,,,,,,,,,,,,,,,,,,,,,,,,,,,,,,,,,,,,,,,,,,,,,,,,,,,,,,,,,,,,,,,,,,,,,
310151101025001H06901,1,4.069.01h,2017,4,,,,,,,,,,,,,,,,,,,,,,,,,,,,,,,,,,,,,,,,,,,,,,,,,,,,,,,,,,,,,,,,,,,,,,,,,,,,,
310151101025001H05001,1,4.050.01h,2017,4,,,,,,,,,,,,,,,,,,,,,,,,,,,,,,,,,,,,,,,,,,,,,,,,,,,,,,,,,,,,,,,,,,,,,,,,,,,,,
310151101025001H06001,1,4.060.01h,2017,4,,,,,,,,,,,,,,,,,,,,,,,,,,,,,,,,,,,,,,,,,,,,,,,,,,,,,,,,,,,,,,,,,,,,,,,,,,,,,
310151101027001H04001,1,5.040.01h,2017,4,,,,,,,,,,,,,,,,,,,,,,,,,,,,,,,,,,,,,,,,,,,,,,,,,,,,,,,,,,,,,,,,,,,60000,,,,,,,,,,
310151101027001H07101,1,5.071.01h,2017,4,,,,,,,,,,,,,,,,,,,,,,,,,,,,,,,,,,,,,,,,,,,,,,,,,,,,,,,,,,,,,,,,,,,,,,,,,,,,,
310151101027001H07701,1,5.077.01h,2017,4,,,,,,,,,,,,,,,,,,,,,,,,,,,,,,,,,,,,,,,,,,,,,,,,,,,,,,,,,,,,,,,,,,,,,,,,,,,,,
310151101027001H02201,1,5.022.01h,2017,4,,,,,,,,,,,,,,,,,,,,,,,,,,,,,,,,,,,,,,,,,,,,,,,,,,,,,,,,,,,,,,,,,,,,,,,,,,,,,
310151101027001H05801,1,5.058.01h,2017,4,,,,,,,,,,,,,,,,,,,,,,,,,,,,,,,,,,,,,,,,,,,,,,,,,,,,,,,,,,,,,,,,,,,,,,,,,,,,,
310151101027001H06301,1,5.063.01h,2017,4,,,,,,,,,,,,,,,,,,,,,,,,,,,,,,,,,,,,,,,,,,,,,,,,,,,,,,,,,,,,,,,,,,,,,,,,,,,,,
310151101027001H00501,1,5.005.01h,2017,4,,,,,,,,,,,,,,,,,,,,,,,,,,,,,,,,,,,,,,,,,,,,,,,,,,,,,,,,,,,,,,,,,,,,,,,,,,,,,
310151101027001H01001,1,5.010.01h,2017,4,,,,,,,,,,,,,,,,,,,,,,,,,,,,,,,,,,,,,,,,,,,,,,,,,,,,,,,,,,,,,,,,,,,,,,,,,,,,,
310151101027001H06501,1,5.065.01h,2017,4,,,,,,,,,,,,,,,,,,,,,,,,,,,,,,,,,,,,,,,,,,,,,,,,,,,,,,,,,,,,,,,,,,,,,,,,,,,,,
310151101027001H06701,1,5.067.01h,2017,4,,,,,,,,,,,,,,,,,,,,,,,,,,,,,,,,,,,,,,,,,,,,,,,,,,,,,,,,,,,,,,,,,,,,,,,,,,,,,
310151101027001H07501,1,5.075.01h,2017,4,,,,,,,,,,,,,,,,,,,,,,,,,,,,,,,,,,,,,,,,,,,,,,,,,,,,,,,,,,,,,,,,,,,,,,,,,,,,,
310151101027001H02901,1,5.029.01h,2017,4,,,,,,,,,,,,,,,,,,,,,,,,,,,,,,,,,,,,,,,,,,,,,,,,,,,,,,,,,,,,,,,,,,,,,,,,,,,,,
310151101027001H03001,1,5.030.01h,2017,4,,,,,,,,,,,,,,,,,,,,,,,,,,,,,,,,,,,,,,,,,,,,,,,,,,,,,,,,,,,,,,,,,,,,,,,,,,,,,
310151101027001H06101,1,5.061.01h,2017,4,,,,,,,,,,,,,,,,,,,,,,,,,,,,,,,,,,,,,,,,,,,,,,,,,,,,,,,,,,,,,,,,,,,,,,,,,,,,,
310151102004001H00201,1,6.002.01h,2017,4,,,,,,,,,,,,,,,,,,,,,,,,,,,,,,,,,,,,,,,,,,,,,,,,,,,,,,,,,,,,,,,,,,,,,,,,,,,,,
310151102004001H06901,1,6.069.01h,2017,4,,,,,,,,,,,,,,,,,,,,,,,,,,,,,,,,,,,,,,,,,,,,,,,,,,,,,,,,,,,,,,,,,,,,,,,,,,,,,
310151102004001H07301,1,6.073.01h,2017,4,,,,,,,,,,,,,,,,,,,,,,,,,,,,,,,,,,,,,,,,,,,,,,,,,,,,,,,,,,,,,,,,,,,,,,,,,,,,,
310151102004001H00801,1,6.008.01h,2017,4,,,,,,,,,,,,,,,,,,,,,,,,,,,,,,,,,,,,,,,,,,,,,,,,,,,,,,,,,,,,,,,,,,,,,,,,,,,,,
310151102004001H04001,1,6.040.01h,2017,4,,,,,,,,,,,,,,,,,,,,,,,,,,,,,,,,,,,,,,,,,,,,,,,,,,,,,,,,,,,,,,,,,,,,,,,,,,,,,
310151102004001H04601,1,6.046.01h,2017,4,,,,,,,,,,,,,,,,,,,,,,,,,,,,,,,,,,,,,,,,,,,,,,,,,,,,,,,,,,,,,,,,,,,,,,,,,,,,,
310151102004001H04101,1,6.041.01h,2017,4,,,,,,,,,,,,,,,,,,,,,,,,,,,,,,,,,,,,,,,,,,,,,,,,,,,,,,,,,,,,,,,,,,,,,,,,,,,,,
310151102004001H06701,1,6.067.01h,2017,4,,,,,,,,,,,,,,,,,,,,,,,,,,,,,,,,,,,,,,,,,,,,,,,,,,,,,,,,,,,,,,,,,,,,,,,,,,,,,
310151102004001H06801,1,6.068.01h,2017,4,,,,,,,,,,,,,,,,,,,,,,,,,,,,,,,,,,,,,,,,,,,,,,,,,,,,,,,,,,,,,,,,,,,,,,,,,,,,,
310151102004001H06201,1,6.062.01h,2017,4,,,,,,,,,,,,,,,,,,,,,,,,,,,,,,,,,,,,,,,,,,,,,,,,,,,,,,,,,,,,,,,,,,,,,,,,,,,,,
310151102004001H01601,1,6.016.01h,2017,4,,,,,,,,,,,,,,,,,,,,,,,,,,,,,,,,,,,,,,,,,,,,,,,,,,,,,,,,,,,,,,,,,,,,,,,,,,,,,
310151102004001H07201,1,6.072.01h,2017,4,,,,,,,,,,,,,,,,,,,,,,,,,,,,,,,,,,,,,,,,,,,,,,,,,,,,,,,,,,,,,,,,,,,,,,,,,,,,,
310151102004001H03001,1,6.030.01h,2017,4,,,,,,,,,,,,,,,,,,,,,,,,,,,,,,,,,,,,,,,,,,,,,,,,,,,,,,,,,,,,,,,,,,,,,,,,,,,,,
310151102004001H01101,1,6.011.01h,2017,4,,,,,,,,,,,,,,,,,,,,,,,,,,,,,,,,,,,,,,,,,,,,,,,,,,,,,,,,,,,,,,,,,,,,,,,,,,,,,
310151102004001H05101,1,6.051.01h,2017,4,,,,,,,,,,,,,,,,,,,,,,,,,,,,,,,,,,,,,,,,,,,,,,,,,,,,,,,,,,,,,,,,,,,,,,,,,,,,,
310151102214001H00701,1,7.007.01h,2017,4,,,,,,,,,,,,,,,,,,,,,,,,,,,,,,,,,,,,,,,,,,,,,,,,,,,,,,,,,,,,,,,,,,,,,,,,,,,,,
310151102214001H03201,1,7.032.01h,2017,4,,,,,,,,,,,,,,,,,,,,,,,,,,,,,,,,,,,,,,,,,,,,,,,,,,,,,,,,,,,,,,,,,,,,,,,,,,,,,
310151102214001H05501,1,7.055.01h,2017,4,,,,,,,,,,,,,,,,,,,,,,,,,,,,,,,,,,,,,,,,,,,,,,,,,,,,,,,,,,,,,,,,,,,,,,,,,,,,,
310151102214001H02301,1,7.023.01h,2017,4,,,,,,,,,,,,,,,,,,,,,,,,,,,,,,,,,,,,,,,,,,,,,,,,,,,,,,,,,,,,,,,,,,,,,,,,,,,,,
310151102214001H05901,1,7.059.01h,2017,4,1.1,1.1,,,,,1.1,1.1,,,,,,1,,,,,,,.1,,,,11,1,1,1,30,,,,,,,,,,5000,5000,,,,,,,,,,,,,,,,,,,,,,,,,,,,,,,,,,,,,
310151102214001H02501,1,7.025.01h,2017,4,,,,,,,,,,,,,,,,,,,,,,,,,,,,,,,,,,,,,,,,,,,,,,,,,,,,,,,,,,,,,,,,,,,,,,,,,,,,,
310151102214001H06201,1,7.062.01h,2017,4,,,,,,,,,,,,,,,,,,,,,,,,,,,,,,,,,,,,,,,,,,,,,,,,,,,,,,,,,,,,,,,,,,,,,,,,,,,,,
310151102214001H06801,1,7.068.01h,2017,4,.2,.2,,,,,.2,.2,,,,,,,,,,,,,.2,,,,,,,,15,,,,,,,,,,10000,10000,,,,,,,,,,,,,,,,,,,,,,,,,,,,,,,,,,,,,
310151102214001H03801,1,7.038.01h,2017,4,2.5,2.5,,,,,2.5,2.5,,,,,,2.2,,,,,,,.3,,,,2.2,2.2,2.2,2.2,30,,,,,,,,,,15000,15000,,,,,,,,,,,,,,,,,,,,,,,,,,,,,,,,,,,,,
310151102214001H05101,1,7.051.01h,2017,4,.1,.1,,,,,.1,.1,,,,,,,,,,,,,.1,,,,,,,,,,,,,,,,,,,,,,,,,,,,,,,,,,,,,,,,,,,,,,,,,,,,,,,,
310151102214001H03901,1,7.039.01h,2017,4,,,,,,,,,,,,,,,,,,,,,,,,,,,,,,,,,,,,,,,,,,,,,,,,,,,,,,,,,,,,,,,,,,,,,,,,,,,,,
310151102214001H02901,1,7.029.01h,2017,4,.1,.1,,,,,.1,.1,,,,,,,,,,,,,.1,,,,,,,,20,,,,,,,,,,10000,10000,,,,,,,,,,,,,,,,,,,,,,,,,,,,,,,,,,,,,
310151102214001H03101,1,7.031.01h,2017,4,.1,.1,,,,,.1,.1,,,,,,,,,,,,,.1,,,,,,,,20,,,,,,,,,,15000,15000,,,,,,,,,,,,,,,,,,,,,,,,,,,,,,,,,,,,,
310151102214001H05601,1,7.056.01h,2017,4,.5,.5,1.7,,,,.5,.5,1.7,,,,,,,,,,,,.5,,,,,,,,20,,,,,,,,,,20000,20000,,,,,,,,,,,,,,,,,,,,,,,,,,,,,,,,,,,,,
310151102214001H05801,1,7.058.01h,2017,4,.4,.4,,,,,.4,.4,,,,,,,,,,,,,.4,,,,,,,,20,,,,,,,,,,10000,10000,,,,,,,,,,,,,,,,,,,,,,,,,,,,,,,,,,,,,
310151102214001H00501,1,7.005.01h,2017,4,1.3,1.3,,,,,1.3,1.3,,,,,,.3,,,,,,,1,,,,,,,,20,,,,,,,,,,10000,10000,,,,,,,,,,,,20,10000,,,,,,,,,,,,,,,,,,,,,,,,
310151102214001H01501,1,7.015.01h,2017,4,,,,,,,,,,,,,,,,,,,,,,,,,,,,,,,,,,,,,,,,,,,,,,,,,,,,,,,,,,,,,,,,,,,,,,,,,,,,,
310151102218001H07301,1,8.073.01h,2017,4,,,,,,,,,,,,,,,,,,,,,,,,,,,,,,,,,,,,,,,,,,,,,,,,,,,,,,,,,,,,,,,,,,,,,,,,,,,,,
310151102218001H05901,1,8.059.01h,2017,4,,,,,,,,,,,,,,,,,,,,,,,,,,,,,,,,,,,,,,,,,,,,,,,,,,,,,,,,,,,,,,,,,,,,,,,,,,,,,
310151102218001H07701,1,8.077.01h,2017,4,,,,,,,,,,,,,,,,,,,,,,,,,,,,,,,,,,,,,,,,,,,,,,,,,,,,,,,,,,,,,,,,,,,,,,,,,,,,,
310151102218001H04601,1,8.046.01h,2017,4,.1,.1,,,,,.1,.1,,,,,,,,,,,,,.1,,,,,,,,25,,,,,,,,,,20000,20000,,,,,,,,,,,,,,,,,,,,,,,,,,,,,,,,,,,,,
310151102218001H01701,1,8.017.01h,2017,4,,,,,,,,,,,,,,,,,,,,,,,,,,,,,,,,,,,,,,,,,,,,,,,,,,,,,,,,,,,,,,,,,,,,,,,,,,,,,
310151102218001H04301,1,8.043.01h,2017,4,.1,.1,,,,,.1,.1,,,,,,,,,,,,,.1,,,,,,,,5,,,,,,,,,,5000,5000,,,,,,,,,,,,,,,,,,,,,,,,,,,,,,,,,,,,,
310151102218001H02301,1,8.023.01h,2017,4,,,,,,,,,,,,,,,,,,,,,,,,,,,,,,,,,,,,,,,,,,,,,,,,,,,,,,,,,,,,,,,,,,,,,,,,,,,,,
310151102218001H05001,1,8.050.01h,2017,4,.1,.1,,,,,.1,.1,,,,,,,,,,,,,.1,,,,,,,,20,,,,,,,,,,20000,20000,,,,,,,,,,,,,,,,,,,,,,,,,,,,,,,,,,,,,
310151102218001H04501,1,8.045.01h,2017,4,.1,.1,,,,,.1,.1,,,,,,,,,,,,,.1,,,,,,,,10,,,,,,,,,,10000,10000,,,,,,,,,,,,,,,,,,,,,,,,,,,,,,,,,,,,,
310151102218001H05301,1,8.053.01h,2017,4,.2,.2,,,,,,,,,,,,,,,,,,,.2,,,,,,,,25,,,,,,,,,,10000,10000,,,,,,,,,,,,,,,,,,,,,,,,,,,,,,,,,,,,,
310151102218001H05601,1,8.056.01h,2017,4,,,,,,,,,,,,,,,,,,,,,,,,,,,,,,,,,,,,,,,,,,,,,,,,,,,,,,,,,,,,,,,,,,,,,,,,,,,,,
310151102218001H06301,1,8.063.01h,2017,4,,,,,,,,,,,,,,,,,,,,,,,,,,,,,,,,,,,,,,,,,,,,,,,,,,,,,,,,,,,,,,,,,,,,,,,,,,,,,
310151102218001H07501,1,8.075.01h,2017,4,.2,.2,,,,,.2,.2,,,,,,,,,,,,,.2,,,,,,,,40,,,,,,,,,,40000,40000,,,,,,,,,,,,,,,,,,,,,,,,,,,,,,,,,,,,,
310151102218001H00301,1,8.003.01h,2017,4,.2,.2,,,,,.2,.2,,,,,,,,,,,,,.2,,,,,,,,20,,,,,,,,,,10000,10000,,,,,,,,,,,,,,,,,,,,,,,,,,,,,,,,,,,,,
310151102218001H07801,1,8.078.01h,2017,4,,,,,,,,,,,,,,,,,,,,,,,,,,,,,,,,,,,,,,,,,,,,,,,,,,,,,,,,,,,,,,,,,,,,,,,,,,,,,
310151103002001H01201,1,9.012.01h,2017,4,,,,,,,,,,,,,,,,,,,,,,,,,,,,,,,,,,,,,,,,,,,,,,,,,,,,,,,,,,,,,,,,,,,,,,,,,,,,,
310151103002001H00601,1,9.006.01h,2017,4,,,,,,,,,,,,,,,,,,,,,,,,,,,,,,,,,,,,,,,,,,,,,,,,,,,,,,,,,,,,,,,,,,,,,,,,,,,,,
310151103002001H00701,1,9.007.01h,2017,4,,,,,,,,,,,,,,,,,,,,,,,,,,,,,,,,,,,,,,,,,,,,,,,,,,,,,,,,,,,,,,,,,,,,,,,,,,,,,
310151103002001H05901,1,9.059.01h,2017,4,,,,,,,,,,,,,,,,,,,,,,,,,,,,,,,,,,,,,,,,,,,,,,,,,,,,,,,,,,,,,,,,,,,,,,,,,,,,,
310151103002001H02501,1,9.025.01h,2017,4,,,,,,,,,,,,,,,,,,,,,,,,,,,,,,,,,,,,,,,,,,,,,,,,,,,,,,,,,,,,,,,,,,,,,,,,,,,,,
310151103002001H02301,1,9.023.01h,2017,4,,,,,,,,,,,,,,,,,,,,,,,,,,,,,,,,,,,,,,,,,,,,,,,,,,,,,,,,,,,,,,,,,,,,,,,,,,,,,
310151103002001H05301,1,9.053.01h,2017,4,,,,,,,,,,,,,,,,,,,,,,,,,,,,,,,,,,,,,,,,,,,,,,,,,,,,,,,,,,,,,,,,,,,,,,,,,,,,,
310151103002001H01801,1,9.018.01h,2017,4,,,,,,,,,,,,,,,,,,,,,,,,,,,,,,,,,,,,,,,,,,,,,,,,,,,,,,,,,,,,,,,,,,,,,,,,,,,,,
310151103002001H00501,1,9.005.01h,2017,4,,,,,,,,,,,,,,,,,,,,,,,,,,,,,,,,,,,,,,,,,,,,,,,,,,,,,,,,,,,,,,,,,,,,,,,,,,,,,
310151103002001H06401,1,9.064.01h,2017,4,,,,,,,,,,,,,,,,,,,,,,,,,,,,,,,,,,,,,,,,,,,,,,,,,,,,,,,,,,,,,,,,,,,,,,,,,,,,,
310151103002001H00301,1,9.003.01h,2017,4,,,,,,,,,,,,,,,,,,,,,,,,,,,,,,,,,,,,,,,,,,,,,,,,,,,,,,,,,,,,,,,,,,,,,,,,,,,,,
310151103002001H04701,1,9.047.01h,2017,4,,,,,,,,,,,,,,,,,,,,,,,,,,,,,,,,,,,,,,,,,,,,,,,,,,,,,,,,,,,,,,,,,,,,,,,,,,,,,
310151103002001H00401,1,9.004.01h,2017,4,,,,,,,,,,,,,,,,,,,,,,,,,,,,,,,,,,,,,,,,,,,,,,,,,,,,,,,,,,,,,,,,,,,,,,,,,,,,,
310151103202001H00401,1,10.004.01h,2017,4,,,,,,,,,,,,,,,,,,,,,,,,,,,,,,,,,,,,,,,,,,,,,,,,,,,,,,,,,,,,,,,,,,,,,,,,,,,,,
310151103202001H07001,1,10.070.01h,2017,4,,,,,,,,,,,,,,,,,,,,,,,,,,,,,,,,,,,,,,,,,,,,,,,,,,,,,,,,,,,,,,,,,,,,,,,,,,,,,
310151103202001H06101,1,10.061.01h,2017,4,.3,.3,,,,,.3,.3,,,,,,,,.1,.05,,,,.15,,,,,,,,,,,,,,,,,,,,,,,,,,,,,,,,,,,,,,,,,,,,,,,,,,,,,,,,
310151103202001H01201,1,10.012.01h,2017,4,.35,.35,,,,,.35,.35,,,,,,,.05,.1,.1,,,,.1,,,,,,,,,,,,,,,,,,,,,,,,,,,,,,,,,,,,,,,,,,,,,,,,,,,,,,,,
310151103202001H03601,1,10.036.01h,2017,4,,,,,,,,,,,,,,,,,,,,,,,,,,,,,,,,,,,,,,,,,,,,,,,,,,,,,,,,,,,,,,,,,,,,,,,,,,,,,
310151103202001H07901,1,10.079.01h,2017,4,,,,,,,,,,,,,,,,,,,,,,,,,,,,,,,,,,,,,,,,,,,,,,,,,,,,,,,,,,,,,,,,,,,,,,,,,,,,,
310151103202001H01801,1,10.018.01h,2017,4,.21,.21,,,,,.21,.21,,,,,,,,.05,.05,,,,.11,,,,,,,,,,,,,,,,,,,,,,,,,,,,,,,,,,,,,,,,,,,,,,,,,,,,,,,,
310151103202001H00901,1,10.009.01h,2017,4,.3,.3,,,,,.3,.3,,,,,,,,.1,.05,,,,.1,,,,,,,,,,,,,,,,,,,,,,,,,,,,,,,,,,,,,,,,,,,,,,,,,,,,,,,,
310151103202001H07801,1,10.078.01h,2017,4,.1,.1,,,,,.1,.1,,,,,,,,,,,,,.1,,,,,,,,,,,,,,,,,,,,,,,,,,,,,,,,,,,,,,,,,,2500,,,,,,,0,0,0,0,,,,
310151103202001H05201,1,10.052.01h,2017,4,,,,,,,,,,,,,,,,,,,,,,,,,,,,,,,,,,,,,,,,,,,,,,,,,,,,,,,,,,,,,,,,,,,,,,,,,,,,,
310151103202001H04101,1,10.041.01h,2017,4,,,,,,,,,,,,,,,,,,,,,,,,,,,,,,,,,,,,,,,,,,,,,,,,,,,,,,,,,,,,,,,,,,,,,,,,,,,,,
310151103202001H06501,1,10.065.01h,2017,4,.3,.3,,,,,.3,.3,,,,,,,.1,.05,.05,,,,.1,,,,,,,,,,,,,,,,,,,,,,,,,,,,,,,,,,,,,,,,,,,,,,,,,,,,,,,,
310151103203001H00501,1,11.005.01h,2017,4,.2,.2,,,,,.2,.2,,,,,,,,,,,,,.2,,,,,,,,,,,,,,,,,,,,,,,,,,,,,,,,,,,,,,,,,,,,,,,,,,,,,,,,
310151103203001H00301,1,11.003.01h,2017,4,.1,.1,,,,,.1,.1,,,,,,,,,,,,,.1,,,,,,,,,,,,,,,,,,,,,,,,,,,,,,,,,,,,,,,,,,,,,,,,,,,,,,,,
310151103203001H05401,1,11.054.01h,2017,4,,,,,,,,,,,,,,,,,,,,,,,,,,,,,,,,,,,,,,,,,,,,,,,,,,,,,,,,,,,,,,,,,,,,,,,,,,,,,
310151103203001H04401,1,11.044.01h,2017,4,.1,.1,,,,,.1,.1,,,,,,,,,,,,,.1,,,,,,,,,,,,,,,,,,,,,,,,,,,,,,,,,,,,,,,,,,,,,,,,,,,,,,,,
310151103203001H03801,1,11.038.01h,2017,4,.1,.1,,,,,.1,.1,,,,,,,,,,,,,.1,,,,,,,,,,,,,,,,,,,,,,,,,,,,,,,,,,,,,,,,,,,,,,,,,,,,,,,,
310151103203001H01601,1,11.016.01h,2017,4,.2,.2,,,,,.2,.2,,,,,,,,,,,,,.2,,,,,,,,,,,,,,,,,,,,,,,,,,,,,,,,,,,,,,,,,,,,,,,,,,,,,,,,
310151103203001H03501,1,11.035.01h,2017,4,.1,.1,,,,,.1,.1,,,,,,,,,,,,,.1,,,,,,,,,,,,,,,,,,,,,,,,,,,,,,,,,,,,,,,,,,,,,,,,,,,,,,,,
310151103203001H02401,1,11.024.01h,2017,4,,,,,,,,,,,,,,,,,,,,,,,,,,,,,,,,,,,,,,,,,,,,,,,,,,,,,,,,,,,,,,,,,,,,,,,,,,,,,
310151103203001H02801,1,11.028.01h,2017,4,.5,.5,,,,,.5,.5,,,,,,,,,,,,,.5,,,,,,,,,,,,,,,,,,,,,,,,,,,,,,,,,,,,,,,,,,,,,,,,,,,,,,,,
310151103203001H02201,1,11.022.01h,2017,4,,,,,,,,,,,,,,,,,,,,,,,,,,,,,,,,,,,,,,,,,,,,,,,,,,,,,,,,,,,,,,,,,,,,,,,,,,,,,
310151103203001H07701,1,11.077.01h,2017,4,.2,.2,,,,,.2,.2,,,,,,,,,,,,,.2,,,,,,,,,,,,,,,,,,,,,,,,,,,,,,,,,,,,,,,,,,,,,,,,,,,,,,,,
310151103203001H03201,1,11.032.01h,2017,4,,,,,,,,,,,,,,,,,,,,,,,,,,,,,,,,,,,,,,,,,,,,,,,,,,,,,,,,,,,,,,,,,,,,,,,,,,,,,
310151103203001H06401,1,11.064.01h,2017,4,.1,.1,,,,,.1,.1,,,,,,,,,,,,,.1,,,,,,,,,,,,,,,,,,,,,,,,,,,,,,,,,,,,,,,,,,,,,,,,,,,,,,,,
310151103208001H07901,1,12.079.01h,2017,4,1.5,1.5,,,,,1.5,1.5,,,,,.3,,.3,,,,.4,,.5,,,,,,,,,,,,,,,,,,,,,,,,,,,,,,,,,,,,,,,,,,,,,,,,,,,,,,,,
310151103208001H00401,1,12.004.01h,2017,4,,,,,,,,,,,,,,,,,,,,,,,,,,,,,,,,,,,,,,,,,,,,,,,,,,,,,,,,,,,,,,,,,,,,,,,,,,,,,
310151103208001H05401,1,12.054.01h,2017,4,,,,,,,,,,,,,,,,,,,,,,,,,,,,,,,,,,,,,,,,,,,,,,,,,,,,,,,,,,,,,,,,,,,,,,,,,,,,,
310151103208001H02501,1,12.025.01h,2017,4,.2,,,,,,.2,,,,,,,,,,,,,,.2,,,,,,,,,,,,,,,,,,,,,,,,,,,,,,,,,,,,,,,,,,,,,,,,,,,,,,,,
310151103208001H05201,1,12.052.01h,2017,4,2.8,2.8,,,,,2.8,2.8,,,,,,2.3,,,,,,,.5,,,,,,,,,,,,,,,,,,,,,,,,,,,,,,,,,,,,,,,,,,,,,,,,,,,,,,,,
310151103208001H06601,1,12.066.01h,2017,4,,,,,,,,,,,,,,,,,,,,,,,,,,,,,,,,,,,,,,,,,,,,,,,,,,,,,,,,,,,,,,,,,,,,,,,,,,,,,
310151103208001H04701,1,12.047.01h,2017,4,.4,.4,,,,,.4,.4,,,,,,,.2,,,,,,.2,,,,,,,,,,,,,,,,,,,,,,,,,,,,,,,,,,,,,,,,,,,,,,,,,,,,,,,,
310151103208001H06401,1,12.064.01h,2017,4,,,,,,,,,,,,,,,,,,,,,,,,,,,,,,,,,,,,,,,,,,,,,,,,,,,,,,,,,,,,,,,,,,,,,,,,,,,,,
310151103208001H06701,1,12.067.01h,2017,4,1.5,1.5,,,,,1.5,1.5,,,,,,.3,.2,.5,,,,,.5,,,,,,,,,,,,,,,,,,,,,,,,,,,,,,,,,,,,,,,,,,,,,,,,,,,,,,,,
310151103208001H04601,1,12.046.01h,2017,4,1.5,1.5,,,,,1.5,1.5,,,,,,,.5,,,,,,1.5,,,,,,,,,,,,,,,,,,,,,,,,,,,,,,,,,,,,,,,,,,,,,,,,,,,,,,,,
310151103208001H00701,1,12.007.01h,2017,4,.4,.4,,,,,.4,.4,,,,,,,.2,,,,,,.3,,,,,,,,,,,,,,,,,,,,,,,,,,,,,,,,,,,,,,,,,,,,,,,,,,,,,,,,
310151103208001H00101,1,12.001.01h,2017,4,.2,,,,,,.2,,,,,,,,,,,,,,.2,,,,,,,,,,,,,,,,,,,,,,,,,,,,,,,,,,,,,,,,,,,,,,,,,,,,,,,,
310151103208001H07501,1,12.075.01h,2017,4,,,,,,,,,,,,,,,,,,,,,,,,,,,,,,,,,,,,,,,,,,,,,,,,,,,,,,,,,,,,,,,,,,,,,,,,,,,,,
310151103208001H02901,1,12.029.01h,2017,4,,,,,,,,,,,,,,,,,,,,,,,,,,,,,,,,,,,,,,,,,,,,,,,,,,,,,,,,,,,,,,,,,,,,,,,,,,,,,
310151104204001H06901,1,13.069.01h,2017,4,.1,.1,,,,,.1,.1,,,,,,,,,,,,,.1,,,,,,,,,,,,,,,,,,,,,,,,,,,,,,,,,,,,,,,,,,,,,,,,,,,,,,,,
310151104204001H03401,1,13.034.01h,2017,4,.1,.1,,,,,.1,.1,,,,,,,,,,,,,.1,,,,,,,,20,,,,,,,,,,30000,30000,,,,,,,,,,,,,,,,,,,,,,,,,,,,,,,,,,,,,
310151104204001H05101,1,13.051.01h,2017,4,.1,.1,,,,,.1,.1,,,,,,,,,,,,,.1,,,,,,,,,,,,,,,,,,,,,,,,,,,,,,,,,,,,,,,,,,,,,,,,,,,,,,,,
310151104204001H06801,1,13.068.01h,2017,4,,,,,,,,,,,,,,,,,,,,,,,,,,,,,,,,,,,,,,,,,,,,,,,,,,,,,,,,,,,,,,,,,,,,,,,,,,,,,
310151104204001H08001,1,13.080.01h,2017,4,,,,,,,,,,,,,,,,,,,,,,,,,,,,,,,,,,,,,,,,,,,,,,,,,,,,,,,,,,,,,,,,,,,,,,,,,,,,,
310151104204001H07601,1,13.076.01h,2017,4,,,,,,,,,,,,,,,,,,,,,,,,,,,,,,,,,,,,,,,,,,,,,,,,,,,,,,,,,,,,,,,,,,,,,,,,,,,,,
310151104204001H03201,1,13.032.01h,2017,4,,,,,,,,,,,,,,,,,,,,,,,,,,,,,,,,,,,,,,,,,,,,,,,,,,,,,,,,,,,,,,,,,,,,,,,,,,,,,
310151104204001H01801,1,13.018.01h,2017,4,.2,.2,,,,,.2,.2,,,,,,,,,,,,,.2,,,,,,,,20,,,,,,,,,,30000,30000,,,,,,,,,,,,,,,,,,,,,,,,,,,,,,,,,,,,,
310151104204001H02901,1,13.029.01h,2017,4,.1,.1,,,,,.1,.1,,,,,,,,,,,,,.1,,,,,,,,20,,,,,,,,,,30000,30000,,,,,,,,,,,,,,,,,,,,,,,,,,,,,,,,,,,,,
310151104204001H07801,1,13.078.01h,2017,4,.2,.2,,,,,.2,.2,,,,,,,,,,,,,.2,,,,,,,,20,,,,,,,,,,30000,30000,,,,,,,,,,,,,,,,,,,,,,,,,,,,,,,,,,,,,
310151104204001H02401,1,13.024.01h,2017,4,,,,,,,,,,,,,,,,,,,,,,,,,,,,,,,,,,,,,,,,,,,,,,,,,,,,,,,,,,,,,,,,,,,,,,,,,,,,,
310151104204001H05801,1,13.058.01h,2017,4,.1,.1,,,,,.1,.1,,,,,,,,,,,,,.1,,,,,,,,10,,,,,,,,,,20000,20000,,,,,,,,,,,,,,,,,,,,,,,,,,,,,,,,,,,,,
310151104204001H07701,1,13.077.01h,2017,4,.1,.1,,,,,.1,.1,,,,,,,,,,,,,.1,,,,,,,,,,,,,,,,,,,,,,,,,,,,,,,,,,,,,,,,,,,,,,,,,,,,,,,,
310151104204001H05401,1,13.054.01h,2017,4,.2,.2,,,,,.2,.2,,,,,,,,,,,,,.2,,,,,,,,,,,,,,,,,,,,,,,,,,,,,,,,,,,,,,,,,,,,,,,,,,,,,,,,
310151104204001H04601,1,13.046.01h,2017,4,,,,,,,,,,,,,,,,,,,,,,,,,,,,,,,,,,,,,,,,,,,,,,,,,,,,,,,,,,,,,,,,,,,,,,,,,,,,,
310151104210001H02001,1,14.020.01h,2017,4,,,,,,,,,,,,,,,,,,,,,,,,,,,,,,,,,,,,,,,,,,,,,,,,,,,,,,,,,,,,,,,,,,,,,,,,,,,,,
310151104210001H06401,1,14.064.01h,2017,4,.2,.2,,,,,.2,.2,,,,,,,,,,,,,.2,,,,,,,,10,,,,,,,,,,20000,20000,,,,,,,,,,,,,,,,,,,,,,,,,,,,,,,,,,,,,
310151104210001H08001,1,14.080.01h,2017,4,.1,.1,,,,,.1,.1,,,,,,,,,,,,,.1,,,,,,,,10,,,,,,,,,,20000,20000,,,,,,,,,,,,,,,,,,,,,,,,,,,,,,,,,,,,,
310151104210001H02501,1,14.025.01h,2017,4,1.4,1.4,,,,,1.4,1.4,,,,,,1.2,,,,,,,.2,,,,1.2,2.4,2.4,1.2,20,,,,,,,,,,30000,30000,,,,,,,,,,,,,,,,,,,,,,,,,,,,,,,,,,,,,
310151104210001H00801,1,14.008.01h,2017,4,.2,.2,,,,,.2,.2,,,,,,,,,,,,,.2,,,,,,,,,,,,,,,,,,,,,,,,,,,,,,,,,,,,,,,,,,,,,,,,,,,,,,,,
310151104210001H00101,1,14.001.01h,2017,4,,,,,,,,,,,,,,,,,,,,,,,,,,,,,,,,,,,,,,,,,,,,,,,,,,,,,,,,,,,,,,,,,,,,,,,,,,,,,
310151104210001H01901,1,14.019.01h,2017,4,1.2,1.2,,,,,1.2,1.2,,,,,,1,,,,,,,.2,,,,1,2,2,1,20,,,,,,,,,,30000,30000,,,,,,,,,,,,,,,,,,,,,,,,,,,,,,,,,,,,,
310151104210001H02301,1,14.023.01h,2017,4,.1,.1,,,,,.1,.1,,,,,,,,,,,,,.1,,,,,,,,,,,,,,,,,,,,,,,,,,,,,,,,,,,,,,,,,,,,,,,,,,,,,,,,
310151104210001H02701,1,14.027.01h,2017,4,.1,.1,,,,,.1,.1,,,,,,,,,,,,,.1,,,,,,,,20,,,,,,,,,,30000,30000,,,,,,,,,,,,,,,,,,,,,,,,,,,,,,,,,,,,,
310151104210001H01301,1,14.013.01h,2017,4,,,,,,,,,,,,,,,,,,,,,,,,,,,,,,,,,,,,,,,,,,,,,,,,,,,,,,,,,,,,,,,,,,,,,,,,,,,,,
310151104210001H04901,1,14.049.01h,2017,4,.1,.1,,,,,.1,.1,,,,,,,,,,,,,.1,,,,,,,,10,,,,,,,,,,20000,20000,,,,,,,,,,,,,,,,,,,,,,,,,,,,,,,,,,,,,
310151104214001H00901,1,15.009.01h,2017,4,.2,.2,,,,,.2,.2,,,,,,,,,,,,,.2,,,,,,,,20,,,,,,,,,,20000,20000,,,,,,,,,,,,,,,,,,,,,,,,,,,,,,,,,,,,,
310151104214001H04801,1,15.048.01h,2017,4,,,,,,,,,,,,,,,,,,,,,,,,,,,,,,,,,,,,,,,,,,,,,,,,,,,,,,,,,,,,,,,,,,,,,,,,,,,,,
310151104214001H04701,1,15.047.01h,2017,4,,,,,,,,,,,,,,,,,,,,,,,,,,,,,,,,,,,,,,,,,,,,,,,,,,,,,,,,,,,,,,,,,,,,,,,,,,,,,
310151104214001H02701,1,15.027.01h,2017,4,.1,.1,,,,,.1,.1,,,,,,,,,,,,,.1,,,,,,,,10,,,,,,,,,,10000,10000,,,,,,,,,,,,,,,,,,,,,,,,,,,,,,,,,,,,,
310151104214001H05101,1,15.051.01h,2017,4,.1,.1,,,,,.1,.1,,,,,,,,,,,,,.1,,,,,,,,,,,,,,,,,,,,,,,,,,,,,,,,,,,,,,,,,,,,,,,,,,,,,,,,
310151104214001H07401,1,15.074.01h,2017,4,.1,.1,,,,,.1,.1,,,,,,,,,,,,,.1,,,,,,,,10,,,,,,,,,,20000,20000,,,,,,,,,,,,,,,,,,,,,,,,,,,,,,,,,,,,,
310151104214001H06701,1,15.067.01h,2017,4,.2,.2,,,,,.2,.2,,,,,,,,,,,,,.2,,,,,,,,20,,,,,,,,,,20000,20000,,,,,,,,,,,,,,,,,,,,,,,,,,,,,,,,,,,,,
310151104214001H04401,1,15.044.01h,2017,4,,,,,,,,,,,,,,,,,,,,,,,,,,,,,,,,,,,,,,,,,,,,,,,,,,,,,,,,,,,,,,,,,,,,,,,,,,,,,
310151104214001H01201,1,15.012.01h,2017,4,.2,.2,,,,,.2,.2,,,,,,,,,,,,,.2,,,,,,,,10,,,,,,,,,,20000,20000,,,,,,,,,,,,,,,,,,,,,,,,,,,,,,,,,,,,,
310151104214001H08001,1,15.080.01h,2017,4,.1,.1,,,,,.1,.1,,,,,,,,,,,,,.1,,,,,,,,10,,,,,,,,,,20000,20000,,,,,,,,,,,,,,,,,,,,,,,,,,,,,,,,,,,,,
310151104214001H01901,1,15.019.01h,2017,4,,,,,,,,,,,,,,,,,,,,,,,,,,,,,,,,,,,,,,,,,,,,,,,,,,,,,,,,,,,,,,,,,,,,,,,,,,,,,
310151104214001H03801,1,15.038.01h,2017,4,,,,,,,,,,,,,,,,,,,,,,,,,,,,,,,,,,,,,,,,,,,,,,,,,,,,,,,,,,,,,,,,,,,,,,,,,,,,,
310151105217001H02501,1,16.025.01h,2017,4,.4,.4,,,,,.4,.4,,,,,,,.1,,.1,,,,.2,,,,,,,,65,,,,,,,,,,6500,6500,,,,,,,,,,,,,,,,,,,,,,,,,,,,,,,,,,,,,
310151105217001H03301,1,16.033.01h,2017,4,.5,.5,,,,,.5,.5,,,,,,,,,,,,,.5,,,,,,,,20,,,,,,,,,,2000,2000,,,,,,,,,,,,,,,,,,,,,,,,,,,,,,,,,,,,,
310151105217001H03201,1,16.032.01h,2017,4,,,,,,,,,,,,,,,,,,,,,,,,,,,,,80,,,,,,,,,,8000,8000,,,,,,,,,,,,,,,,,,,,,,,,,,,,,,,,,,,,,
310151105217001H04401,1,16.044.01h,2017,4,,,,,,,,,,,,,,,,,,,,,,,,,,,,,,,,,,,,,,,,,,,,,,,,,,,,,,,,,,,,,,,,,,,,,,,,,,,,,
310151105217001H03401,1,16.034.01h,2017,4,,,,,,,,,,,,,,,,,,,,,,,,,,,,,,,,,,,,,,,,,,,,,,,,,,,,,,,,,,,,,,,,,,,,,,,,,,,,,
310151105217001H02301,1,16.023.01h,2017,4,.3,.3,,.2,,,.3,.3,,.2,,,,,,,,,,,.3,,,,,,,,42,,,,,,,,,,4200,4200,,,,,,,,,,,,,,,,,,,,,,,,,,,,,,,,,,,,,
310151105217001H07001,1,16.070.01h,2017,4,,,,,,,,,,,,,,,,,,,,,,,,,,,,,,,,,,,,,,,,,,,,,,,,,,,,,,,,,,,,,,,,,,,,,,,,,,,,,
310151105217001H07401,1,16.074.01h,2017,4,.15,.15,,,,,.15,.15,,,,,,,,,,,,,.15,,,,,,,,6,,,,,,,,,,600,600,,,,,,,,,,,,,,,,,,,,,,,,,,,,,,,,,,,,,
310151105217001H01901,1,16.019.01h,2017,4,.5,.5,,,,,.5,.5,,,,,,,,,,,,,.5,,,,,,,,30,,,,,,,,,,3000,3000,,,,,,,,,,,,,,,,,,,,,,,,,,,,,,,,,,,,,
310151105217001H07601,1,16.076.01h,2017,4,,,,,,,,,,,,,,,,,,,,,,,,,,,,,27,,,,,,,,,,2700,2700,,,,,,,,,,,,,,,,,,,,,,,,,,,,,,,,,,,,,
310151105217001H05201,1,16.052.01h,2017,4,,,,,,,,,,,,,,,,,,,,,,,,,,,,,,,,,,,,,,,,,,,,,,,,,,,,,,,,,,,,,,,,,,,,,,,,,,,,,
310151105217001H05001,1,16.050.01h,2017,4,.2,.2,,,,,.2,.2,,,,,,,,,,,,,.2,,,,,,,,15,,,,,,,,,,1500,1500,,,,,,,,,,,,,,,,,,,,,,,,,,,,,,,,,,,,,
310151105217001H00301,1,16.003.01h,2017,4,.2,.2,,,,,.2,.2,,,,,,,,,,,,,.2,,,,,,,,30,,,,,,,,,,3000,3000,,,,,,,,,,,,,,,,,,,,,,,,,,,,,,,,,,,,,
310151105217001H05901,1,16.059.01h,2017,4,.7,.7,,1.35,,,.7,.7,,1.35,,,,,,,,,,,.7,,,,,,,,27,,,,,,,,,,2700,2700,,,,,,,,,,,,,,,,,,,,,,,,,,,,,,,,,,,,,
310151106204001H02101,1,17.021.01h,2017,4,3,3,,,,,1.2,1.2,,,,,,,.5,,,,,,.7,,,,,,,,,,,,,,,,,,,,,,,,,,,,,,,,,,,,,,,,,,,,,,,,,,,,,,,,
310151106204001H05901,1,17.059.01h,2017,4,.6,.6,,,,,.6,.6,,,,,,,,,,,,,.6,,,,,,,,,,,,,,,,,,,,,,,,,,,,,,,,,,,,,,,,,,,,,,,,,,,,,,,,
310151106204001H05601,1,17.056.01h,2017,4,6,6,,,,,1.3,1.3,,,,,,,,,,,,,1.3,,,,,,,,,,,,,,,,,,,,,,,,,,,,,,,,,,,,,,,,,,,,,,,,,,,,,,,,
310151106204001H05101,1,17.051.01h,2017,4,2.33,2.33,,,,,.15,.15,,,,,,,,,,,,,.15,,,,,,,,,,,,,,,,,,,,,,,,,,,,,,,,,,,,,,,,,,,,,,,,,,,,,,,,
310151106204001H07601,1,17.076.01h,2017,4,2.34,2.34,,,,,,,,,,,,,1,,,,,,1.34,,,,,,,,,,,,,,,,,,,,,,,,,,,,,,,,,,,,,,,,,,,,,,,,,,,,,,,,
310151106204001H07501,1,17.075.01h,2017,4,2.6,2.6,,,,,,,,,,,,,1,,,,,,1.6,,,,,,,,,,,,,,,,,,,,,,,,,,,,,,,,,,,,,,,,,,,,,,,,,,,,,,,,
310151106204001H03201,1,17.032.01h,2017,4,,,,,,,,,,,,,,,,,,,,,,,,,,,,,,,,,,,,,,,,,,,,,,,,,,,,,,,,,,,,,,,,,,,,,,,,,,,,,
310151106204001H03601,1,17.036.01h,2017,4,4,4,,,,,1,1,,,,,,,,,,,,,1,,,,,,,,,,,,,,,,,,,,,,,,,,,,,,,,,,,,,,,,,,,,,,,,,,,,,,,,
310151106204001H07901,1,17.079.01h,2017,4,.8,.8,,,,,.8,.8,,,,,,,,,,,,,.8,,,,,,,,,,,,,,,,,,,,,,,,,,,,,,,,,,,,,,,,,,,,,,,,,,,,,,,,
310151106204001H03901,1,17.039.01h,2017,4,1,1,,,,,,,,,,,,,1,,,,,,1,,,,,,,,,,,,,,,,,,,,,,,,,,,,,,,,,,,,,,,,,,,,,,,,,,,,,,,,
310151107207001H01501,1,18.015.01h,2017,4,,,,,,,,,,,,,,,,,,,,,.1,.1,,,,,,,,,,,,,,,,,,,,,,,,,,,,,,,,,,,,,,,,,,,,,,,,,,,,,,,
310151107207001H06501,1,18.065.01h,2017,4,,,,,,,,,,,,,,,,,,,,,.1,,,,,,,,,,,,,,,,,,,,,,,,,,,,,,,,,,,,,,,,,,,,,,,,,,,,,,,,
310151107207001H04401,1,18.044.01h,2017,4,,,,,,,,,,,,,,,,,,,,,.05,,,,,,,,,,,,,,,,,,,,,,,,,,,,,,,,,,,,,,,,,,,,,,,,,,,,,,,,
310151107207001H05401,1,18.054.01h,2017,4,,,,,,,,,,,,,,,,,,,,,.05,,,,,,,,,,,,,,,,,,,,,,,,,,,,,,,,,,,,,,,,,,,,,,,,,,,,,,,,
310151107207001H01601,1,18.016.01h,2017,4,,,,,,,,,,,,,,,,,,,,,.1,,,,,,,,,,,,,,,,,,,,,,,,,,,,,,,,,,,,,,,,,,,,,,,,,,,,,,,,
310151107207001H06801,1,18.068.01h,2017,4,.7,.7,,,,,.7,.7,,,,,,.7,,,,,,,.1,,,,,,,,,,,,,,,,,,,,,,,,,,,,,,,,,,,,,,,,,,,,,,,,,,,,,,,,
310151107207001H06201,1,18.062.01h,2017,4,,,,,,,,,,,,,,,,,,,,,.1,,,,,,,,,,,,,,,,,,,,,,,,,,,,,,,,,,,,,,,,,,,,,,,,,,,,,,,,
310151107207001H04601,1,18.046.01h,2017,4,,,,,,,,,,,,,,,,,,,,,,,,,,,,,,,,,,,,,,,,,,,,,,,,,,,,,,,,,,,,,,,,,,,,,,,,,,,,,
310151107207001H00901,1,18.009.01h,2017,4,,,,,,,,,,,,,,,,,,,,,.1,,,,,,,,,,,,,,,,,,,,,,,,,,,,,,,,,,,,,,,,,,,,,,,,,,,,,,,,
310151107207001H02101,1,18.021.01h,2017,4,,,,,,,,,,,,,,,,,,,,,,,,,,,,,,,,,,,,,,,,,,,,,,,,,,,,,,,,,,,,,,,,,,,,,,,,,,,,,
310151107207001H02701,1,18.027.01h,2017,4,,,,,,,,,,,,,,,,,,,,,,,,,,,,,,,,,,,,,,,,,,,,,,,,,,,,,,,,,,,,,,,,,,,,,,,,,,,,,
310151107207001H00301,1,18.003.01h,2017,4,,,,,,,,,,,,,,,,,,,,,.05,,,,,,,,,,,,,,,,,,,,,,,,,,,,,,,,,,,,,,,,,,,,,,,,,,,,,,,,
310151107207001H04801,1,18.048.01h,2017,4,,,,,,,,,,,,,,,,,,,,,,,,,,,,,,,,,,,,,,,,,,,,,,,,,,,,,,,,,,,,,,,,,,,,,,,,,,,,,
310151107207001H03801,1,18.038.01h,2017,4,1.5,1.5,,,,,1.5,1.5,,,,,,,,,,,,,.1,,,,,,,,,,,,,,,,,,,,,,,,,,,,,,,,,,,,,,,,,,,,,,,,,,,,,,,,
310151107207001H03601,1,18.036.01h,2017,4,,,,,,,,,,,,,,,,,,,,,,,,,,,,,,,,,,,,,,,,,,,,,,,,,,,,,,,,,,,,,,,,,,,,,,,,,,,,,
310151108204001H04501,1,19.045.01h,2017,4,.1,.1,,,,,.1,.1,,,,,,,,,,,,,.1,,,,,,,,,,,,,,,,,,,,,,,,,,,,,,,,,,,,,,,,,,,,,,,,,,,,,,,,
310151108204001H01501,1,19.015.01h,2017,4,,,,,,,,,,,,,,,,,,,,,,,,,,,,,,,,,,,,,,,,,,,,,,,,,,,,,,,,,,,,,,,,,,,,,,,,,,,,,
310151108204001H06801,1,19.068.01h,2017,4,.1,.1,,,,,.1,.1,,,,,,,,,,,,,.1,,,,,,,,,,,,,,,,,,,,,,,,,,,,,,,,,,,,,,,,,,,,,,,,,,,,,,,,
310151108204001H04801,1,19.048.01h,2017,4,,,,,,,,,,,,,,,,,,,,,,,,,,,,,,,,,,,,,,,,,,,,,,,,,,,,,,,,,,,,,,,,,,,,,,,,,,,,,
310151108204001H02801,1,19.028.01h,2017,4,.1,.1,,,,,.1,.1,,,,,,,,,,,,,.1,,,,,,,,,,,,,,,,,,,,,,,,,,,,,,,,,,,,,,,,,,,,,,,,,,,,,,,,
310151108204001H03601,1,19.036.01h,2017,4,.1,.1,,,,,.1,.1,,,,,,,.1,.1,,,,,.1,,,,,,,,,,,,,,,,,,,,,,,,,,,,,,,,,,,,,,,,,,,,,,,,,,,,,,,,
310151108204001H03101,1,19.031.01h,2017,4,.2,.2,,,,,.2,.2,,,,,,,.1,.1,.1,,,,.1,,,,,,,,,,,,,,,,,,,,,,,,,,,,,,,,,,,,,,,,,,,,,,,,,,,,,,,,
310151108204001H06201,1,19.062.01h,2017,4,,,,,,,,,,,,,,,,,,,,,,,,,,,,,,,,,,,,,,,,,,,,,,,,,,,,,,,,,,,,,,,,,,,,,,,,,,,,,
310151108204001H02601,1,19.026.01h,2017,4,,,,,,,,,,,,,,,,,,,,,,,,,,,,,,,,,,,,,,,,,,,,,,,,,,,,,,,,,,,,,,,,,,,,,,,,,,,,,
310151108204001H07801,1,19.078.01h,2017,4,.2,.2,,,,,.2,.2,,,,,,,.1,.1,.1,,,,.1,,,,,,,,,,,,,,,,,,,,,,,,,,,,,,,,,,,,,,,,,,,,,,,,,,,,,,,,
310151108204001H03201,1,19.032.01h,2017,4,.1,.1,,,,,.1,.1,,,,,,,.1,.1,.1,,,,.1,,,,,,,,,,,,,,,,,,,,,,,,,,,,,,,,,,,,,,,,,,,,,,,,,,,,,,,,
310151108204001H06701,1,19.067.01h,2017,4,.1,.1,,,,,.1,.1,,,,,,,,,,,,,.1,,,,,,,,,,,,,,,,,,,,,,,,,,,,,,,,,,,,,,,,,,,,,,,,,,,,,,,,
310151108218001H05601,1,20.056.01h,2017,4,.2,.2,,,,,.2,.2,,,,,,,,,,,,,.2,,,,,,,,,,,,,,,,,,,,,,,,,,,,,,,,,,,,,,,,,,,,,,,,,,,,,,,,
310151108218001H00301,1,20.003.01h,2017,4,,,,,,,,,,,,,,,,,,,,,,,,,,,,,,,,,,,,,,,,,,,,,,,,,,,,,,,,,,,,,,,,,,,,,,,,,,,,,
310151108218001H02501,1,20.025.01h,2017,4,.1,.1,,,,,.1,.1,,,,,,,,,,,,,.1,,,,,,,,,,,,,,,,,,,,,,,,,,,,,,,,,,,,,,,,,,,,,,,,,,,,,,,,
310151108218001H06501,1,20.065.01h,2017,4,.2,.2,,,,,.2,.2,,,,,,,,,,,,,.2,,,,,,,,,,,,,,,,,,,,,,,,,,,,,,,,,,,,,,,,,,1000,,,,,,,,,,,,,,
310151108218001H03801,1,20.038.01h,2017,4,,,1.3,,,,,,1.3,,,,,,,,,,,,,,,,,,,,,,,,,,,,,,,,,,,,,,,,,,,,,,,,,,,,,,,,,,,,,,,,,,,,
310151108218001H07701,1,20.077.01h,2017,4,,,,,,,,,,,,,,,,,,,,,,,,,,,,,,,,,,,,,,,,,,,,,,,,,,,,,,,,,,,,,,,,,,,,,,,,,,,,,
310151108218001H07201,1,20.072.01h,2017,4,.3,.3,,,,,.3,.3,,,,,,,.3,,,,,,.1,,,,,,,,,,,,,,,,,,,,,,,,,,30000,20000,10000,,,,,,,,,,,,,,,,,,,,,,,,,,,,
310151108218001H01101,1,20.011.01h,2017,4,,,,,,,,,,,,,,,,,,,,,,,,,,,,,,,,,,,,,,,,,,,,,,,,,,,,,,,,,,,,,,,,,,,,,,,,,,,,,
310151108218001H03901,1,20.039.01h,2017,4,,,,,,,,,,,,,,,,,,,,,,,,,,,,,,,,,,,,,,,,,,,,,,,,,,,,,,,,,,,,,,,,,,,,,,,,,,,,,
310151108218001H06301,1,20.063.01h,2017,4,3.1,3.1,,,,,3.1,3.1,,,,,,3,,,,,,,.1,,,,3,3,3,3,,,,,,,,,,,,,,,,,,,,,,,,,,,,,,,,,,,,,,,,,,,,,,,,,
310151108218001H07101,1,20.071.01h,2017,4,,,,,,,,,,,,,,,,,,,,,,,,,,,,,,,,,,,,,,,,,,,,,,,,,,,,,,,,,,,,,,,,,,,,,,,,,,,,,
310151108218001H07801,1,20.078.01h,2017,4,.2,.2,,,,,.2,.2,,,,,.2,,.1,,,,,,.1,,,,,,,,,,,,,,,,,,,,,,,,,,,,,,,,,,,,,,,,,,,,,,,,,,,,,,,,
310151109201001H08001,1,21.080.01h,2017,4,,,,,,,,,,,,,,,,,,,,,,,,,,,,,,,,,,,,,,,,,,,,,,,,,,,,,,,,,,,,,,,,,,,,,,,,,,,,,
310151109201001H04601,1,21.046.01h,2017,4,.2,,,,,,,,,,,,,,,,,,,,.2,,,,,,,,,,,,,,,,,,,,,,,,,,,,,,,,,,,,,,,,,,,,,,,,,,,,,,,,
310151109201001H06901,1,21.069.01h,2017,4,.2,,,,,,,,,,,,,,,,,,,,.2,,,,,,,,,,,,,,,,,,,,,,,,,,,,,,,,,,,,,,,,,,,,,,,,,,,,,,,,
310151109201001H07101,1,21.071.01h,2017,4,,,,,,,,,,,,,,,,,,,,,,,,,,,,,,,,,,,,,,,,,,,,,,,,,,,,,,,,,,,,,,,,,,,,,,,,,,,,,
310151109201001H01401,1,21.014.01h,2017,4,,,,,,,,,,,,,,,,,,,,,,,,,,,,,,,,,,,,,,,,,,,,,,,,,,,,,,,,,,,,,,,,,,,,,,,,,,,,,
310151109201001H04901,1,21.049.01h,2017,4,,,,,,,,,,,,,,,,,,,,,,,,,,,,,,,,,,,,,,,,,,,,,,,,,,,,,,,,,,,,,,,,,,,,,,,,,,,,,
310151109201001H01001,1,21.010.01h,2017,4,.2,,,,,,,,,,,,,,,,,,,,.2,,,,,,,,,,,,,,,,,,,,,,,,,,,,,,,,,,,,,,,,,,,,,,,,,,,,,,,,
310151109201001H03201,1,21.032.01h,2017,4,,,,,,,,,,,,,,,,,,,,,,,,,,,,,,,,,,,,,,,,,,,,,,,,,,,,,,,,,,,,,,,,,,,,,,,,,,,,,
310151109201001H01901,1,21.019.01h,2017,4,.2,,,,,,,,,,,,,,,,,,,,.2,,,,,,,,,,,,,,,,,,,,,,,,,,,,,,,,,,,,,,,,,,,,,,,,,,,,,,,,
310151109201001H00501,1,21.005.01h,2017,4,,,,,,,,,,,,,,,,,,,,,,,,,,,,,,,,,,,,,,,,,,,,,,,,,,,,,,,,,,,,,,,,,,,,,,,,,,,,,
310151109201001H06301,1,21.063.01h,2017,4,.2,,,,,,,,,,,,,,,,,,,,.2,,,,,,,,,,,,,,,,,,,,,,,,,,,,,,,,,,,,,,,,,,,,,,,,,,,,,,,,
310151109201001H07301,1,21.073.01h,2017,4,.52,.52,,,,,.52,.52,,,,,,.52,,,,,,,,,,,.52,.52,.52,.52,,,,,,,,,,,,,,,,,,,,,,,,,,,,,,,,,,,,,,,,,,,,,,,,,
310151109201001H02601,1,21.026.01h,2017,4,.2,,,,,,,,,,,,,,,,,,,,.2,,,,,,,,,,,,,,,,,,,,,,,,,,,,,,,,,,,,,,,,,,,,,,,,,,,,,,,,
310151109201001H01501,1,21.015.01h,2017,4,,,,,,,,,,,,,,,,,,,,,,,,,,,,,,,,,,,,,,,,,,,,,,,,,,,,,,,,,,,,,,,,,,,,,,,,,,,,,
310151109201001H07601,1,21.076.01h,2017,4,.2,,,,,,,,,,,,,,,,,,,,.2,,,,,,,,,,,,,,,,,,,,,,,,,,,,,,,,,,,,,,,,,,,,,,,,,,,,,,,,
310151109201001H04701,1,21.047.01h,2017,4,1.97,1.97,,,,,1.97,1.97,,,,,,1.97,,,,,,,,,,,1.97,1.97,1.97,1.97,,,,,,,,,,,,,,,,,,,,,,,,,,,,,,,,,,,,,,,,,,,,,,,,,
310151110206001H05701,1,22.057.01h,2017,4,.2,.2,,,,,.2,.2,,,,,,,,,,,,,.2,,,,,,,,8,,,,,,,,,,400,400,,,,,,,,,,,,,,,,,,,,,,,,,,,,,,,,,,,,,
310151110206001H03201,1,22.032.01h,2017,4,,,,,,,,,,,,,,,,,,,,,,,,,,,,,,,,,,,,,,,,,,,,,,,,,,,,,,,,,,,,,,,,,,,,,,,,,,,,,
310151110206001H05501,1,22.055.01h,2017,4,,,,,,,,,,,,,,,,,,,,,,,,,,,,,,,,,,,,,,,,,,,,,,,,,,,,,,,,,,,,,,,,,,,,,,,,,,,,,
310151110206001H04001,1,22.040.01h,2017,4,,,,,,,,,,,,,,,,,,,,,,,,,,,,,,,,,,,,,,,,,,,,,,,,,,,,,,,,,,,,,,,,,,,,,,,,,,,,,
310151110206001H05801,1,22.058.01h,2017,4,,,,,,,,,,,,,,,,,,,,,,,,,,,,,,,,,,,,,,,,,,,,,,,,,,,,,,,,,,,,,,,,,,,,,,,,,,,,,
310151110206001H02501,1,22.025.01h,2017,4,.1,.1,,,,,.1,.1,,,,,,,,,,,,,.1,,,,,,,,15,,,,,,,,,,5000,5000,,,,,,,,,,,,,,,,,,,,,,,,,,,,,,,,,,,,,
310151110206001H03301,1,22.033.01h,2017,4,.1,.1,,,,,.1,.1,,,,,,,,,,,,,.1,,,,,,,,,,,,,,,,,,,,,,,,,,,,,,,,,,,,,,,,,,,,,,,,,,,,,,,,
310151110206001H02801,1,22.028.01h,2017,4,,,,,,,,,,,,,,,,,,,,,,,,,,,,,,,,,,,,,,,,,,,,,,,,,,,,,,,,,,,,,,,,,,,,,,,,,,,,,
310151110206001H05901,1,22.059.01h,2017,4,.1,.1,,,,,.1,.1,,,,,,,,,,,,,.1,,,,,,,,10,,,,,,,,,,2000,2000,,,,,,,,,,,,,,,,,,,,,,,,,,,,,,,,,,,,,
310151110206001H06601,1,22.066.01h,2017,4,,,,,,,,,,,,,,,,,,,,,,,,,,,,,,,,,,,,,,,,,,,,,,,,,,,,,,,,,,,,,,,,,,,,,,,,,,,,,
310151110206001H00101,1,22.001.01h,2017,4,,,,,,,,,,,,,,,,,,,,,,,,,,,,,,,,,,,,,,,,,,,,,,,,,,,,,,,,,,,,,,,,,,,,,,,,,,,,,
310151110206001H02301,1,22.023.01h,2017,4,.5,.5,,,,,.5,.5,,,,,,,,,,,,,.5,,,,,,,,15,,,,,,,,,,6000,6000,,,,,,,,,,,,,,,,,,,,,,,,,,,,,,,,,,,,,
310151110208001H06301,1,23.063.01h,2017,4,,,,,,,,,,,,,,,,,,,,,,,,,,,,,,,,,,,,,,,,,,,,,,,,,,,,,,,,,,,,,,,,,,,,,,,,,,,,,
310151110208001H06401,1,23.064.01h,2017,4,2,2,,,,,2,2,,,,,,,.5,.5,,,,,1,,,,,,,,30,,,,,,,,,,15000,15000,,,,,,,,,,,,,,,,,,,,,,,,,,,,,,,,,,,,,
310151110208001H03201,1,23.032.01h,2017,4,,,,,,,,,,,,,,,,,,,,,,,,,,,,,,,,,,,,,,,,,,,,,,,,,,,,,,,,,,,,,,,,,,,,,,,,,,,,,
310151110208001H06201,1,23.062.01h,2017,4,.2,.2,,,,,.2,.2,,,,,,,,,,,,,.2,,,,,,,,30,,,,,,,,,,18000,18000,,,,,,,,,,,,,,,,,,,,,,,,,,,,,,,,,,,,,
310151110208001H00701,1,23.007.01h,2017,4,1,1,,,,,1,1,,,,,,,.2,.5,,,,,1,,,,,,,,30,,,,,,,,,,15000,15000,,,,,,,,,,,,,,,,,,,,,,,,,,,,,,,,,,,,,
310151110208001H05501,1,23.055.01h,2017,4,.5,.5,,,,,.5,.5,,,,,,,,,,,,,.5,,,,,,,,,,,,,,,,,,,,,,,,,,,,,,,,,,,,,,,,,,,,,,,,,,,,,,,,
310151110208001H01501,1,23.015.01h,2017,4,,,,,,,,,,,,,,,,,,,,,,,,,,,,,,,,,,,,,,,,,,,,,,,,,,,,,,,,,,,,,,,,,,,,,,,,,,,,,
310151110208001H06001,1,23.060.01h,2017,4,.15,.15,,,,,.15,.15,,,,,,,,,,,,,.15,,,,,,,,,,,,,,,,,,,,,,,,,,,,,,,,,,,,,,,,,,,,,,,,,,,,,,,,
310151110208001H03501,1,23.035.01h,2017,4,.56,.56,,,,,.56,.56,,,,,,,.1,.3,,,,,.56,,,,,,,,40,,,,,,,,,,20000,20000,,,,,,,,,,,,,,,,,,,,,,,,,,,,,,,,,,,,,
310151110208001H04401,1,23.044.01h,2017,4,.5,.5,,,,,.5,.5,,,,,,,,,,,,,.5,,,,,,,,,,,,,,,,,,,,,,,,,,,,,,,,,,,,,,,,,,,,,,,,,,,,,,,,
310151110208001H06701,1,23.067.01h,2017,4,,,,,,,,,,,,,,,,,,,,,,,,,,,,,,,,,,,,,,,,,,,,,,,,,,,,,,,,,,,,,,,,,,,,,,,,,,,,,
310151110208001H02301,1,23.023.01h,2017,4,.2,.2,,,,,.2,.2,,,,,,,,,,,,,.2,,,,,,,,,,,,,,,,,,,,,,,,,,,,,,,,,,,,,,,,,,,,,,,,,,,,,,,,
310151110208001H03601,1,23.036.01h,2017,4,,,,,,,,,,,,,,,,,,,,,,,,,,,,,,,,,,,,,,,,,,,,,,,,,,,,,,,,,,,,,,,,,,,,,,,,,,,,,
310151110208001H02401,1,23.024.01h,2017,4,,,,,,,,,,,,,,,,,,,,,,,,,,,,,,,,,,,,,,,,,,,,,,,,,,,,,,,,,,,,,,,,,,,,,,,,,,,,,
310151110208001H02901,1,23.029.01h,2017,4,,,,,,,,,,,,,,,,,,,,,,,,,,,,,,,,,,,,,,,,,,,,,,,,,,,,,,,,,,,,,,,,,,,,,,,,,,,,,
310151111204001H06001,1,24.060.01h,2017,4,,,,,,,,,,,,,,,,,,,,,,,,,,,,,,,,,,,,,,,,,,,,,,,,,,,,,,,,,,,,,,,,,,,,,,,,,,,,,
310151111204001H04401,1,24.044.01h,2017,4,2,2,0,5.5,0,0,2,2,0,5.5,0,0,0,2,0,0,0,0,0,0,0,0,5.5,0,2,2,4,2,15,0,0,0,0,0,0,0,0,0,3000,3000,0,0,0,0,0,0,800,800,0,0,0,0,0,0,0,0,0,0,,,,,,,,,,,,,,,,,,,
310151111204001H02801,1,24.028.01h,2017,4,4.5,4.5,0,7.5,0,0,4.5,4.5,0,7.5,0,0,0,4.5,0,0,0,0,0,0,0,0,7.5,0,4.5,0,4.5,4.5,15,0,0,0,0,0,0,0,0,0,3000,3000,0,0,0,0,0,0,1000,1000,0,0,0,0,0,0,0,0,0,0,,,,,,,,,,,,,,,,,,,
310151111204001H03701,1,24.037.01h,2017,4,2.2,2.2,0,2.3,0,0,2.2,2.2,0,2.3,0,0,0,2.2,0,0,0,0,0,0,0,0,2.3,0,2.2,0,2.2,2.2,10,0,0,0,0,0,0,0,0,0,2000,2000,0,0,0,0,0,0,500,500,0,0,0,0,0,0,0,0,0,0,,,,,,,,,,,,,,,,,,,
310151111204001H01101,1,24.011.01h,2017,4,10,10,0,.3,0,0,.78,.78,0,.3,0,0,0,.78,0,0,0,0,0,0,0,0,.3,0,.78,0,.78,.78,15,0,0,0,0,0,0,0,0,0,3000,3000,0,0,0,0,0,0,800,800,0,0,0,0,0,0,0,0,0,0,,,,,,,,,,,,,,,,,,,
310151111204001H00301,1,24.003.01h,2017,4,9.5,9.5,0,.5,0,0,0,0,0,.5,0,0,0,0,0,0,0,0,0,0,0,0,.5,0,0,0,0,0,10,0,0,0,0,0,0,0,0,0,2000,2000,0,0,0,0,0,0,500,500,0,0,0,0,0,0,0,0,0,0,,,,,,,,,,,,,,,,,,,
310151111204001H03601,1,24.036.01h,2017,4,1.1,1.1,0,16.2,0,5,1.1,1.1,0,16.2,0,5,1.1,1.1,0,0,0,0,0,0,0,0,16.2,0,1.1,0,2.2,1.1,20,0,0,0,0,0,0,0,0,1,5000,4000,0,0,1000,0,0,0,1000,1000,0,0,0,0,0,0,0,0,0,0,,,,,,,,,,,,,,,,,,,
310151111204001H02101,1,24.021.01h,2017,4,5,5,0,.5,0,0,0,0,0,.5,0,0,0,0,0,0,0,0,0,0,0,0,.5,0,0,0,0,0,10,0,0,0,0,0,0,0,0,0,2000,2000,0,0,0,0,0,0,0,0,0,0,0,0,0,0,0,0,0,0,,,,,,,,,,,,,,,,,,,
310151111204001H06801,1,24.068.01h,2017,4,,,,,,,,,,,,,,,,,,,,,,,,,,,,,,,,,,,,,,,,,,,,,,,,,,,,,,,,,,,,,,,,,,,,,,,,,,,,,
310151111204001H04101,1,24.041.01h,2017,4,4,4,0,6,0,0,0,0,0,6,0,0,0,0,0,0,0,0,0,0,0,0,6,0,0,0,0,0,15,0,0,0,0,0,0,0,0,0,3000,3000,0,0,0,0,0,0,500,500,0,0,0,0,0,0,0,0,0,0,,,,,,,,,,,,,,,,,,,
310151111204001H03201,1,24.032.01h,2017,4,19,19,0,.7,0,0,0,0,0,.7,0,0,0,0,0,0,0,0,0,0,0,0,.7,0,0,0,0,0,15,0,0,0,0,0,0,0,0,0,3000,3000,0,0,0,0,0,0,1000,1000,0,0,0,0,0,0,0,0,0,0,,,,,,,,,,,,,,,,,,,
310151111204001H03901,1,24.039.01h,2017,4,10,10,0,.5,0,0,0,0,0,.5,0,0,0,0,0,0,0,0,0,0,0,0,.5,0,0,0,0,0,10,0,0,0,0,0,0,0,0,0,2000,2000,0,0,0,0,0,0,800,800,0,0,0,0,0,0,0,0,0,0,,,,,,,,,,,,,,,,,,,
310151112212001H00801,1,25.008.01h,2017,4,,,,,,,,,,,,,,,,,,,,,,,,,,,,,,,,,,,,,,,,,,,,,,,,,,,,,,,,,,,,,,,,,,,,,,,,,,,,,
310151112212001H07101,1,25.071.01h,2017,4,,,,,,,,,,,,,,,,,,,,,,,,,,,,,,,,,,,,,,,,,,,,,,,,,,,,,,,,,,,,,,,,,,,,,,,,,,,,,
310151112212001H06801,1,25.068.01h,2017,4,,,,,,,,,,,,,,,,,,,,,,,,,,,,,,,,,,,,,,,,,,,,,,,,,,,,,,,,,,,,,,,,,,,,,,,,,,,,,
310151112212001H02301,1,25.023.01h,2017,4,,,,,,,,,,,,,,,,,,,,,,,,,,,,,,,,,,,,,,,,,,,,,,,,,,,,,,,,,,,,,,,,,,,,,,,,,,,,,
310151112212001H05901,1,25.059.01h,2017,4,,,,,,,,,,,,,,,,,,,,,,,,,,,,,,,,,,,,,,,,,,,,,,,,,,,,,,,,,,,,,,,,,,,,,,,,,,,,,
310151112212001H03601,1,25.036.01h,2017,4,,,,,,,,,,,,,,,,,,,,,,,,,,,,,,,,,,,,,,,,,,,,,,,,,,,,,,,,,,,,,,,,,,,,,,,,,,,,,
310151112212001H00401,1,25.004.01h,2017,4,,,,,,,,,,,,,,,,,,,,,,,,,,,,,,,,,,,,,,,,,,,,,,,,,,,,,,,,,,,,,,,,,,,,,,,,,,,,,
310151112212001H03201,1,25.032.01h,2017,4,,,,,,,,,,,,,,,,,,,,,,,,,,,,,,,,,,,,,,,,,,,,,,,,,,,,,,,,,,,,,,,,,,,,,,,,,,,,,
310151112212001H01201,1,25.012.01h,2017,4,,,,,,,,,,,,,,,,,,,,,,,,,,,,,,,,,,,,,,,,,,,,,,,,,,,,,,,,,,,,,,,,,,,,,,,,,,,,,
310151112212001H04501,1,25.045.01h,2017,4,,,,,,,,,,,,,,,,,,,,,,,,,,,,,,,,,,,,,,,,,,,,,,,,,,,,,,,,,,,,,,,,,,,,,,,,,,,,,
310151112212001H08001,1,25.080.01h,2017,4,,,,,,,,,,,,,,,,,,,,,,,,,,,,,,,,,,,,,,,,,,,,,,,,,,,,,,,,,,,,,,,,,,,,,,,,,,,,,
310151112212001H00601,1,25.006.01h,2017,4,,,,,,,,,,,,,,,,,,,,,,,,,,,,,,,,,,,,,,,,,,,,,,,,,,,,,,,,,,,,,,,,,,,,,,,,,,,,,
310151113201001H01601,1,26.016.01h,2017,4,,,,,,,,,,,,,,,,,,,,,,,,,,,,,,,,,,,,,,,,,,,,,,,,,,,,,,,,,,,,,,,,,,,,,,,,,,,,,
310151113201001H01001,1,26.010.01h,2017,4,,,,,,,,,,,,,,,,,,,,,,,,,,,,,,,,,,,,,,,,,,,,,,,,,,,,,,,,,,,,,,,,,,,,,,,,,,,,,
310151113201001H05901,1,26.059.01h,2017,4,.1,.1,,,,,.1,.1,,,,,,,,,,,,,,,,,,,,,,,,,,,,,,,,,,,,,,,,,,,,,,,,,,,,,,,,,,,,,,,,,,,,,
310151113201001H07201,1,26.072.01h,2017,4,,,,,,,,,,,,,,,,,,,,,,,,,,,,,,,,,,,,,,,,,,,,,,,,,,,,,,,,,,,,,,,,,,,,,,,,,,,,,
310151113201001H03301,1,26.033.01h,2017,4,.1,.1,,,,,.1,.1,,,,,,,,,,,,,,,,,,,,,,,,,,,,,,,,,,,,,,,,,,,,,,,,,,,,,,,,,,,,,,,,,,,,,
310151113201001H02001,1,26.020.01h,2017,4,,,,,,,,,,,,,,,,,,,,,,,,,,,,,,,,,,,,,,,,,,,,,,,,,,,,,,,,,,,,,,,,,,,,,,,,,,,,,
310151113201001H01102,1,26.011.02h,2017,4,,,,,,,,,,,,,,,,,,,,,,,,,,,,,,,,,,,,,,,,,,,,,,,,,,,,,,,,,,,,,,,,,,,,,,,,,,,,,
310151113201001H02501,1,26.025.01h,2017,4,,,,,,,,,,,,,,,,,,,,,,,,,,,,,,,,,,,,,,,,,,,,,,,,,,,,,,,,,,,,,,,,,,,,,,,,,,,,,
310151113201001H06501,1,26.065.01h,2017,4,.1,.1,,,,,.1,.1,,,,,,,,,,,,,,,,,,,,,,,,,,,,,,,,,,,,,,,,,,,,,,,,,,,,,,,,,,,,,,,,,,,,,
310151113201001H06701,1,26.067.01h,2017,4,,,,,,,,,,,,,,,,,,,,,,,,,,,,,,,,,,,,,,,,,,,,,,,,,,,,,,,,,,,,,,,,,,,,,,,,,,,,,
310151113201001H02201,1,26.022.01h,2017,4,,,,,,,,,,,,,,,,,,,,,,,,,,,,,,,,,,,,,,,,,,,,,,,,,,,,,,,,,,,,,,,,,,,,,,,,,,,,,
310151113201001H07101,1,26.071.01h,2017,4,,,,,,,,,,,,,,,,,,,,,,,,,,,,,,,,,,,,,,,,,,,,,,,,,,,,,,,,,,,,,,,,,,,,,,,,,,,,,
310151113201001H05701,1,26.057.01h,2017,4,,,,,,,,,,,,,,,,,,,,,,,,,,,,,,,,,,,,,,,,,,,,,,,,,,,,,,,,,,,,,,,,,,,,,,,,,,,,,
310151113209001H05701,1,27.057.01h,2017,4,,,,,,,,,,,,,,,,,,,,,,,,,,,,,,,,,,,,,,,,,,,,,,,,,,,,,,,,,,,,,,,,,,,,,,,,,,,,,
310151113209001H02601,1,27.026.01h,2017,4,.1,.1,,,,,.1,.1,,,,,,,,,,,,,,,,,,,,,,,,,,,,,,,,,,,,,,,,,,,,,,,,,,,,,,,,,,,,,,,,,,,,,
310151113209001H05101,1,27.051.01h,2017,4,,,,,,,,,,,,,,,,,,,,,,,,,,,,,,,,,,,,,,,,,,,,,,,,,,,,,,,,,,,,,,,,,,,,,,,,,,,,,
310151113209001H08001,1,27.080.01h,2017,4,.1,.1,,,,,.1,.1,,,,,,,,,,,,,,,,,,,,,,,,,,,,,,,,,,,,,,,,,,,,,,,,,,,,,,,,,,,,,,,,,,,,,
310151113209001H03601,1,27.036.01h,2017,4,.1,.1,,,,,.1,.1,,,,,,,,,,,,,,,,,,,,,,,,,,,,,,,,,,,,,,,,,,,,,,,,,,,,,,,,,,,,,,,,,,,,,
310151113209001H03701,1,27.037.01h,2017,4,.1,.1,,,,,.1,.1,,,,,,,,,,,,,,,,,,,,,,,,,,,,,,,,,,,,,,,,,,,,,,,,,,,,,,,,,,,,,,,,,,,,,
310151113209001H04901,1,27.049.01h,2017,4,,,,,,,,,,,,,,,,,,,,,,,,,,,,,,,,,,,,,,,,,,,,,,,,,,,,,,,,,,,,,,,,,,,,,,,,,,,,,
310151113209001H04101,1,27.041.01h,2017,4,.1,.1,,,,,.1,.1,,,,,,,,,,,,,,,,,,,,,,,,,,,,,,,,,,,,,,,,,,,,,,,,,,,,,,,,,,,,,,,,,,,,,
310151113209001H07401,1,27.074.01h,2017,4,.1,.1,,,,,.1,.1,,,,,,,,,,,,,.1,,,,,,,,,,,,,,,,,,,,,,,,,,,,,,,,,,,,,,,,,,,,,,,,,,,,,,,,
310151113209001H06501,1,27.065.01h,2017,4,.1,.1,,,,,.1,.1,,,,,,,,,,,,,,,,,,,,,,,,,,,,,,,,,,,,,,,,,,,,,,,,,,,,,,,,,,,,,,,,,,,,,
310151113209001H06701,1,27.067.01h,2017,4,.1,.1,,,,,.1,.1,,,,,,,,,,,,,,,,,,,,,,,,,,,,,,,,,,,,,,,,,,,,,,,,,,,,,,,,,,,,,,,,,,,,,
310151113209001H00301,1,27.003.01h,2017,4,,,,,,,,,,,,,,,,,,,,,,,,,,,,,,,,,,,,,,,,,,,,,,,,,,,,,,,,,,,,,,,,,,,,,,,,,,,,,
310151113209001H00101,1,27.001.01h,2017,4,,,,,,,,,,,,,,,,,,,,,,,,,,,,,,,,,,,,,,,,,,,,,,,,,,,,,,,,,,,,,,,,,,,,,,,,,,,,,
310151113209001H07101,1,27.071.01h,2017,4,,,,,,,,,,,,,,,,,,,,,,,,,,,,,,,,,,,,,,,,,,,,,,,,,,,,,,,,,,,,,,,,,,,,,,,,,,,,,
310151114003001H03801,1,28.038.01h,2017,4,,,,,,,,,,,,,,,,,,,,,,,,,,,,,,,,,,,,,,,,,,,,,,,,,,,,,,,,,,,,,,,,,,,,,,,,,,,,,
310151114003001H00301,1,28.003.01h,2017,4,,,,,,,,,,,,,,,,,,,,,,,,,,,,,,,,,,,,,,,,,,,,,,,,,,,,,,,,,,,,,,,,,,,,,,,,,,,,,
310151114003001H02901,1,28.029.01h,2017,4,,,,,,,,,,,,,,,,,,,,,,,,,,,,,,,,,,,,,,,,,,,,,,,,,,,,,,,,,,,,,,,,,,,,,,,,,,,,,
310151114003001H00701,1,28.007.01h,2017,4,,,,,,,,,,,,,,,,,,,,,,,,,,,,,,,,,,,,,,,,,,,,,,,,,,,,,,,,,,,,,,,,,,,,,,,,,,,,,
310151114003001H04201,1,28.042.01h,2017,4,,,,,,,,,,,,,,,,,,,,,,,,,,,,,,,,,,,,,,,,,,,,,,,,,,,,,,,,,,,,,,,,,,,,,,,,,,,,,
310151114003001H03901,1,28.039.01h,2017,4,,,,,,,,,,,,,,,,,,,,,,,,,,,,,,,,,,,,,,,,,,,,,,,,,,,,,,,,,,,,,,,,,,,,,,,,,,,,,
310151114003001H07601,1,28.076.01h,2017,4,,,,,,,,,,,,,,,,,,,,,,,,,,,,,,,,,,,,,,,,,,,,,,,,,,,,,,,,,,,,,,,,,,,,,,,,,,,,,
310151114003001H04601,1,28.046.01h,2017,4,,,,,,,,,,,,,,,,,,,,,,,,,,,,,,,,,,,,,,,,,,,,,,,,,,,,,,,,,,,,,,,,,,,,,,,,,,,,,
310151114003001H01401,1,28.014.01h,2017,4,,,,,,,,,,,,,,,,,,,,,,,,,,,,,,,,,,,,,,,,,,,,,,,,,,,,,,,,,,,,,,,,,,,,,,,,,,,,,
310151114003001H07801,1,28.078.01h,2017,4,,,,,,,,,,,,,,,,,,,,,,,,,,,,,,,,,,,,,,,,,,,,,,,,,,,,,,,,,,,,,,,,,,,,,,,,,,,,,
310151114003001H00401,1,28.004.01h,2017,4,,,,,,,,,,,,,,,,,,,,,,,,,,,,,,,,,,,,,,,,,,,,,,,,,,,,,,,,,,,,,,,,,,,,,,,,,,,,,
310151114003001H06601,1,28.066.01h,2017,4,,,,,,,,,,,,,,,,,,,,,,,,,,,,,,,,,,,,,,,,,,,,,,,,,,,,,,,,,,,,,,,,,,,,,,,,,,,,,
310151114003001H02501,1,28.025.01h,2017,4,,,,,,,,,,,,,,,,,,,,,,,,,,,,,,,,,,,,,,,,,,,,,,,,,,,,,,,,,,,,,,,,,,,,,,,,,,,,,
310151114003001H05601,1,28.056.01h,2017,4,,,,,,,,,,,,,,,,,,,,,,,,,,,,,,,,,,,,,,,,,,,,,,,,,,,,,,,,,,,,,,,,,,,,,,,,,,,,,
310151115002001H00301,1,29.003.01h,2017,4,,,,,,,,,,,,,,,,,,,,,,,,,,,,,,,,,,,,,,,,,,,,,,,,,,,,,,,,,,,,,,,,,,,,,,,,,,,,,
310151115002001H00501,1,29.005.01h,2017,4,,,,,,,,,,,,,,,,,,,,,,,,,,,,,,,,,,,,,,,,,,,,,,,,,,,,,,,,,,,,,,,,,,,,,,,,,,,,,
310151115002001H03501,1,29.035.01h,2017,4,,,,,,,,,,,,,,,,,,,,,,,,,,,,,,,,,,,,,,,,,,,,,,,,,,,,,,,,,,,,,,,,,,,,,,,,,,,,,
310151115002001H03901,1,29.039.01h,2017,4,,,,,,,,,,,,,,,,,,,,,,,,,,,,,,,,,,,,,,,,,,,,,,,,,,,,,,,,,,,,,,,,,,,,,,,,,,,,,
310151115002001H03101,1,29.031.01h,2017,4,,,,,,,,,,,,,,,,,,,,,,,,,,,,,,,,,,,,,,,,,,,,,,,,,,,,,,,,,,,,,,,,,,,,,,,,,,,,,
310151115002001H01001,1,29.010.01h,2017,4,,,,,,,,,,,,,,,,,,,,,,,,,,,,,,,,,,,,,,,,,,,,,,,,,,,,,,,,,,,,,,,,,,,,,,,,,,,,,
310151115002001H01501,1,29.015.01h,2017,4,,,,,,,,,,,,,,,,,,,,,,,,,,,,,,,,,,,,,,,,,,,,,,,,,,,,,,,,,,,,,,,,,,,,,,,,,,,,,
310151115002001H00901,1,29.009.01h,2017,4,,,,,,,,,,,,,,,,,,,,,,,,,,,,,,,,,,,,,,,,,,,,,,,,,,,,,,,,,,,,,,,,,,,,,,,,,,,,,
310151115002001H00701,1,29.007.01h,2017,4,,,,,,,,,,,,,,,,,,,,,,,,,,,,,,,,,,,,,,,,,,,,,,,,,,,,,,,,,,,,,,,,,,,,,,,,,,,,,
310151115002001H00801,1,29.008.01h,2017,4,,,,,,,,,,,,,,,,,,,,,,,,,,,,,,,,,,,,,,,,,,,,,,,,,,,,,,,,,,,,,,,,,,,,,,,,,,,,,
310151116211001H07001,1,30.070.01h,2017,4,,,,,,,,,,,,,,,,,,,,,,,,,,,,,,,,,,,,,,,,,,,,,,,,,,,,,,,,,,,,,,,,,,,,,,,,,,,,,
310151116211001H03701,1,30.037.01h,2017,4,,,,,,,,,,,,,,,,,,,,,,,,,,,,,,,,,,,,,,,,,,,,,,,,,,,,,,,,,,,,,,,,,,,,,,,,,,,,,
310151116211001H05201,1,30.052.01h,2017,4,,,,,,,,,,,,,,,,,,,,,,,,,,,,,,,,,,,,,,,,,,,,,,,,,,,,,,,,,,,,,,,,,,,,,,,,,,,,,
310151116211001H03401,1,30.034.01h,2017,4,,,,,,,,,,,,,,,,,,,,,,,,,,,,,,,,,,,,,,,,,,,,,,,,,,,,,,,,,,,,,,,,,,,,,,,,,,,,,
310151116211001H07801,1,30.078.01h,2017,4,,,,,,,,,,,,,,,,,,,,,,,,,,,,,,,,,,,,,,,,,,,,,,,,,,,,,,,,,,,,,,,,,,,,,,,,,,,,,
310151116211001H07201,1,30.072.01h,2017,4,,,,,,,,,,,,,,,,,,,,,,,,,,,,,,,,,,,,,,,,,,,,,,,,,,,,,,,,,,,,,,,,,,,,,,,,,,,,,
310151116211001H06201,1,30.062.01h,2017,4,,,,,,,,,,,,,,,,,,,,,,,,,,,,,,,,,,,,,,,,,,,,,,,,,,,,,,,,,,,,,,,30000,,,,,,,,,,,,,,
310151116211001H06901,1,30.069.01h,2017,4,,,,,,,,,,,,,,,,,,,,,,,,,,,,,,,,,,,,,,,,,,,,,,,,,,,,,,,,,,,,,,,,,,,,,,,,,,,,,
310151116211001H03101,1,30.031.01h,2017,4,,,,,,,,,,,,,,,,,,,,,,,,,,,,,,,,,,,,,,,,,,,,,,,,,,,,,,,,,,,,,,,,,,,,,,,,,,,,,
310151116211001H03001,1,30.030.01h,2017,4,,,,,,,,,,,,,,,,,,,,,,,,,,,,,,,,,,,,,,,,,,,,,,,,,,,,,,,,,,,,,,,35000,,,,,,,,,,,,,,
310151116211001H00801,1,30.008.01h,2017,4,.2,,,,,,.2,,,,,,,,,,,,,,.2,,,,,,,,,,,,,,,,,1,1000,,,,1000,,,,,,,,,,,,,,,,,,,,,,,,,,,,,,,,,,
310151116211001H00601,1,30.006.01h,2017,4,.3,,,,,,.3,,,,,,,,,,,,,,.3,,,,,,,,,,,,,,,,,1,1000,,,,1000,,,,,,,,,,,,,,,,,,,,,,,,,,,,,,,,,,
310151116217001H00101,1,31.001.01h,2017,4,,,,1,,,,,,,,,,,,,,,,,,,1,,,,,,,,,,,,,,,1,1000,,,,1000,,,,,,,,,,,,,,,,,,,,,,,,,,,,,,,,,,
310151116217001H02101,1,31.021.01h,2017,4,,,,,,,,,,,,,,,,,,,,,,,,,,,,,,,,,,,,,,,,,,,,,,,,,,,,,,,,,,,,,,,,,,,,,,,,,,,,,
310151116217001H06401,1,31.064.01h,2017,4,,,,3,,,,,,,,,,,,,,,,,,,3,,,,,,,,,,,,,,,1,1000,,,,1000,,,,,,,,,,,,,,,,,,,,,,,,,,,,,,,,,,
310151116217001H05601,1,31.056.01h,2017,4,,,,1.6,,,,,,,,,,,,,,,,,,,1.6,,,,,,,,,,,,,,,1,1000,,,,1000,,,,,,,,,,,,,,,,,,,,,,,,,,,,,,,,,,
310151116217001H03801,1,31.038.01h,2017,4,,,,,,,,,,,,,,,,,,,,,,,,,,,,,,,,,,,,,,,,,,,,,,,,,,,,,,,,,,,,,,,,,,,,,,,,,,,,,
310151116217001H04801,1,31.048.01h,2017,4,,,,,,,,,,,,,,,,,,,,,,,,,,,,,,,,,,,,,,,,,,,,,,,,,,,,,,,,,,,,,,,,,,,,,,,,,,,,,
310151116217001H05201,1,31.052.01h,2017,4,,,,,,,,,,,,,,,,,,,,,,,,,,,,,,,,,,,,,,,,,,,,,,,,,,,,,,,,,,,,,,,,,,,,,,,,,,,,,
310151116217001H04301,1,31.043.01h,2017,4,,,,,,,,,,,,,,,,,,,,,,,,,,,,,,,,,,,,,,,,,,,,,,,,,,,,,,,,,,,,,,,,,,,,,,,,,,,,,
310151116217001H02001,1,31.020.01h,2017,4,,,,,,,,,,,,,,,,,,,,,,,,,,,,,,,,,,,,,,,,,,,,,,,,,,,,,,,,,,,,,,,,,,,,,,,,,,,,,
310151116217001H06901,1,31.069.01h,2017,4,,,,,,,,,,,,,,,,,,,,,,,,,,,,,,,,,,,,,,,,,,,,,,,,,,,,,,,,,,,,,,,,,,,,,,,,,,,,,
310151116217001H07201,1,31.072.01h,2017,4,,,,,,,,,,,,,,,,,,,,,,,,,,,,,,,,,,,,,,,,,,,,,,,,,,,,,,,,,,,,,,,,,,,,,,,,,,,,,
310151116217001H06201,1,31.062.01h,2017,4,2.4,,,,,,,,,,,,,,.3,.6,,,,,.5,,,,,,,,,,,,,,,,,1,1000,,,,1000,,,,,,,,,,,,,,,,,,,,,,,,,,,,,,,,,,
310151116217001H05801,1,31.058.01h,2017,4,,,,2,,,,,,,,,,,,,,,,,,,2,,,,,,,,,,,,,,,1,1000,,,,1000,,,,,,,,,,,,,,,,,,,,,,,,,,,,,,,,,,
310151116217001H02801,1,31.028.01h,2017,4,,,,,,,,,,,,,,,,,,,,,,,,,,,,,,,,,,,,,,,,,,,,,,,,,,,,,,,,,,,,,,,,,,,,,,,,,,,,,
310151116220002H00701,1,32.007.01h,2017,4,,,,,,,,,,,,,,,,,,,,,,,,,,,,,,,,,,,,,,,,,,,,,,,,,,,,,,,,,,,,,,,,,,,,,,,,,,,,,
310151116220002H02501,1,32.025.01h,2017,4,,,,,,,,,,,,,,,,,,,,,,,,,,,,,,,,,,,,,,,,,,,,,,,,,,,,,,,,,,,,,,,,,,,,,,,,,,,,,
310151116220002H01601,1,32.016.01h,2017,4,,,,,,,,,,,,,,,,,,,,,,,,,,,,,,,,,,,,,,,,,,,,,,,,,,,,,,,,,,,,,,,,,,,,,,,,,,,,,
310151116220002H00601,1,32.006.01h,2017,4,,,,,,,,,,,,,,,,,,,,,,,,,,,,,,,,,,,,,,,,,,,,,,,,,,,,,,,,,,,,,,,,,,,,,,,,,,,,,
310151116220002H02201,1,32.022.01h,2017,4,.1,,,,,,.1,,,,,,,,,,,,,,.1,,,,,,,,,,,,,,,,,1,1000,,,,1000,,,,,,,,,,,,,,,,,,,,,,,,,,,,,,,,,,
310151116220002H05001,1,32.050.01h,2017,4,,,,,,,,,,,,,,,,,,,,,,,,,,,,,,,,,,,,,,,,,,,,,,,,,,,,,,,,,,,,,,,,,,,,,,,,,,,,,
310151116220002H04101,1,32.041.01h,2017,4,,,,,,,,,,,,,,,,,,,,,,,,,,,,,,,,,,,,,,,,,,,,,,,,,,,,,,,,,,,,,,,,,,,,,,,,,,,,,
310151116220002H03801,1,32.038.01h,2017,4,,,,,,,,,,,,,,,,,,,,,,,,,,,,,,,,,,,,,,,,,,,,,,,,,,,,,,,,,,,,,,,,,,,,,,,,,,,,,
310151116220002H07501,1,32.075.01h,2017,4,,,,,,,,,,,,,,,,,,,,,,,,,,,,,,,,,,,,,,,,,,,,,,,,,,,,,,,,,,,,,,,,,,,,,,,,,,,,,
310151116220002H03301,1,32.033.01h,2017,4,,,,,,,,,,,,,,,,,,,,,,,,,,,,,,,,,,,,,,,,,,,,,,,,,,,,,,,,,,,,,,,,,,,,,,,,,,,,,
310151116220002H00101,1,32.001.01h,2017,4,.15,,,,,,.15,,,,,,,,,,,,,,.15,,,,,,,,,,,,,,,,,1,1000,,,,1000,,,,,,,,,,,,,,,,,,,,,,,,,,,,,,,,,,
310151116220002H04301,1,32.043.01h,2017,4,,,,,,,,,,,,,,,,,,,,,,,,,,,,,,,,,,,,,,,,,,,,,,,,,,,,,,,,,,,,,,,,,,,,,,,,,,,,,
310151201202001H05801,1,33.058.01h,2017,4,,,,,,,,,,,,,,,,,,,,,.1,,,,,,,,,,,,,,,,,,,,,,,,,,,,,,,,,,,,,,,,,,,,,,,,,,,,,,,,
310151201202001H05401,1,33.054.01h,2017,4,,,,,,,,,,,,,,,,,,,,,,,,,,,,,,,,,,,,,,,,,,,,,,,,,,,,,,,,,,,,,,,,,,,,,,,,,,,,,
310151201202001H05601,1,33.056.01h,2017,4,,,,,,,,,,,,,,,,,,,,,,,,,,,,,,,,,,,,,,,,,,,,,,,,,,,,,,,,,,,,,,,,,,,,,,,,,,,,,
310151201202001H02401,1,33.024.01h,2017,4,,,,,,,,,,,,,,,,,,,,,.1,,,,,,,,,,,,,,,,,,,,,,,,,,,,,,,,,,,,,,,,,,,,,,,,,,,,,,,,
310151201202001H01801,1,33.018.01h,2017,4,,,,,,,,,,,,,,,,,,,,,.1,,,,,,,,,,,,,,,,,,,,,,,,,,,,,,,,,,,,,,,,,,,,,,,,,,,,,,,,
310151201202001H06601,1,33.066.01h,2017,4,,,,,,,,,,,,,,,,,,,,,,,,,,,,,,,,,,,,,,,,,,,,,,,,,,,,,,,,,,,,,,,,,,,,,,,,,,,,,
310151201202001H06401,1,33.064.01h,2017,4,,,,,,,,,,,,,,,,,,,,,.1,,,,,,,,,,,,,,,,,,,,,,,,,,,,,,,,,,,,,,,,,,,,,,,,,,,,,,,,
310151201202001H01501,1,33.015.01h,2017,4,,,,,,,,,,,,,,,,,,,,,.1,,,,,,,,,,,,,,,,,,,,,,,,,,,,,,,,,,,,,,,,,,,,,,,,,,,,,,,,
310151201202001H02301,1,33.023.01h,2017,4,,,,,,,,,,,,,,,,,,,,,,,,,,,,,,,,,,,,,,,,,,,,,,,,,,,,,,,,,,,,,,,,,,,,,,,,,,,,,
310151201202001H00901,1,33.009.01h,2017,4,,,,,,,,,,,,,,,,,,,,,,,,,,,,,,,,,,,,,,,,,,,,,,,,,,,,,,,,,,,,,,,,,,,,,,,,,,,,,
310151201202001H01701,1,33.017.01h,2017,4,,,,,,,,,,,,,,,,,,,,,.1,,,,,,,,,,,,,,,,,,,,,,,,,,,,,,,,,,,,,,,,,,,,,,,,,,,,,,,,
310151201202001H03601,1,33.036.01h,2017,4,,,,,,,,,,,,,,,,,,,,,.1,,,,,,,,,,,,,,,,,,,,,,,,,,,,,,,,,,,,,,,,,,,,,,,,,,,,,,,,
310151201202001H02101,1,33.021.01h,2017,4,,,,,,,,,,,,,,,,,,,,,.1,,,,,,,,,,,,,,,,,,,,,,,,,,,,,,,,,,,,,,,,,,,,,,,,,,,,,,,,
310151201202001H07101,1,33.071.01h,2017,4,,,,,,15,,,,,,15,,,,,,,,,.1,,,,,,,,,,,,,,,,,,,,,,,,,,,,,,,,,,,,,,,,,,,,,,,,,,,,,,,,
310151201202001H00401,1,33.004.01h,2017,4,,,,,,,,,,,,,,,,,,,,,,,,,,,,,,,,,,,,,,,,,,,,,,,,,,,,,,,,,,,,,,,,,,,,,,,,,,,,,
310151201202001H06501,1,33.065.01h,2017,4,,,,,,,,,,,,,,,,,,,,,,,,,,,,,,,,,,,,,,,,,,,,,,,,,,,,,,,,,,,,,,,,,,,,,,,,,,,,,
310151202213001H05801,1,34.058.01h,2017,4,1.5,1.5,,,,,1.5,1.5,,,,,,1.2,,,,,,,.3,,,,,,,,,,,,,,,,,,,,,,,,,,,,,,,,,,,,,,,,,,,,,,,,,,,,,,,,
310151202213001H03901,1,34.039.01h,2017,4,2.82,2.82,,,,,2.82,2.82,,,,,,2.8,,,,,,,.02,,,,,,,,,,,,,,,,,,,,,,,,,,,,,,,,,,,,,,,,,,,,,,,,,,,,,,,,
310151202213001H01201,1,34.012.01h,2017,4,,,,,,,,,,,,,,,,,,,,,,,,,,,,,,,,,,,,,,,,,,,,,,,,,,,,,,,,,,,,,,,,,,,,,,,,,,,,,
310151202213001H02301,1,34.023.01h,2017,4,.2,.2,,,,,.2,.2,,,,,,,,,,,,,.2,,,,,,,,,,,,,,,,,,,,,,,,,,,,,,,,,,,,,,,,,,,,,,,,,,,,,,,,
310151202213001H07301,1,34.073.01h,2017,4,2.92,2.92,,,,,2.92,2.92,,,,,,2.72,,,,,,,.2,,,,,,,,,,,,,,,,,,,,,,,,,,,,,,,,,,,,,,,,,,,,,,,,,,,,,,,,
310151202213001H04201,1,34.042.01h,2017,4,1.09,1.09,,,,,1.09,1.09,,,,,,.4,,,,,,,.69,,,,,,,,,,,,,,,,,,,,,,,,,,,,,,,,,,,,,,,,,,,,,,,,,,,,,,,,
310151202213001H07701,1,34.077.01h,2017,4,2.29,2.29,,,,,2.29,2.29,,,,,,2.08,,,,,,,.21,,,,,,,,,,,,,,,,,,,,,,,,,,,,,,,,,,,,,,,,,,,,,,,,,,,,,,,,
310151202213001H03701,1,34.037.01h,2017,4,.2,.2,,,,,.2,.2,,,,,,,,,,,,,.2,,,,,,,,,,,,,,,,,,,,,,,,,,,,,,,,,,,,,,,,,,,,,,,,,,,,,,,,
310151202213001H02701,1,34.027.01h,2017,4,2.44,2.44,,,,,2.44,2.44,,,,,,2.4,,,,,,,.04,,,,,,,,,,,,,,,,,,,,,,,,,,,,,,,,,,,,,,,,,,,,,,,,,,,,,,,,
310151202213001H06301,1,34.063.01h,2017,4,2.7,2.7,,,,,2.7,2.7,,,,,,2.5,,,,,,,.2,,,,,,,,,,,,,,,,,,,,,,,,,,,,,,,,,,,,,,,,,,,,,,,,,,,,,,,,
310151202216001H00901,1,35.009.01h,2017,4,,,,,,,,,,,,,,,,,,,,,,,,,,,,,,,,,,,,,,,,,,,,,,,,,,,,,,,,,,,,,,,,,,,,,,,,,,,,,
310151202216001H03201,1,35.032.01h,2017,4,,,,,,,,,,,,,,,,,,,,,,,,,,,,,,,,,,,,,,,,,,,,,,,,,,,,,,,,,,,,,,,,,,,,,,,,,,,,,
310151202216001H02301,1,35.023.01h,2017,4,2.8,2.8,,,,,2.8,2.8,,,,,,2.2,,,,,,,.6,,,,,,,,,,,,,,,,,,,,,,,,,,,,,,,,,,,,,,,,,,,,,,,,,,,,,,,,
310151202216001H02001,1,35.020.01h,2017,4,,,,,,,,,,,,,,,,,,,,,,,,,,,,,,,,,,,,,,,,,,,,,,,,,,,,,,,,,,,,,,,,,,,,,,,,,,,,,
310151202216001H05801,1,35.058.01h,2017,4,.5,.5,,,,,.5,.5,,,,,,,,,,,,,.5,,,,,,,,,,,,,,,,,,,,,,,,,,,,,,,,,,,,,,,,,,,,,,,,,,,,,,,,
310151202216001H05101,1,35.051.01h,2017,4,,,,,,,,,,,,,,,,,,,,,,,,,,,,,,,,,,,,,,,,,,,,,,,,,,,,,,,,,,,,,,,,,,,,,,,,,,,,,
310151202216001H01401,1,35.014.01h,2017,4,.2,.2,,,,,.2,.2,,,,,,,,,,,,,.2,,,,,,,,,,,,,,,,,,,,,,,,,,,,,,,,,,,,,,,,,,,,,,,,,,,,,,,,
310151202216001H03601,1,35.036.01h,2017,4,.2,.2,,,,,.2,.2,,,,,,,,,,,,,.2,,,,,,,,,,,,,,,,,,,,,,,,,,,,,,,,,,,,,,,,,,,,,,,,,,,,,,,,
310151202216001H04401,1,35.044.01h,2017,4,,,,,,,,,,,,,,,,,,,,,,,,,,,,,,,,,,,,,,,,,,,,,,,,,,,,,,,,,,,,,,,,,,,,,,,,,,,,,
310151202216001H06501,1,35.065.01h,2017,4,,,,,,,,,,,,,,,,,,,,,,,,,,,,,,,,,,,,,,,,,,,,,,,,,,,,,,,,,,,,,,,,,,,,,,,,,,,,,
310151202216001H03101,1,35.031.01h,2017,4,1.2,1.2,,,,,1.2,1.2,,,,,,1,,,,,,,.2,,,,,,,,,,,,,,,,,,,,,,,,,,,,,,,,,,,,,,,,,,,,,,,,,,,,,,,,
310151202216001H06601,1,35.066.01h,2017,4,2.4,2.4,,,,,2.4,2.4,,,,,,2,,,,,,,.4,,,,,,,,,,,,,,,,,,,,,,,,,,,,,,,,,,,,,,,,,,,,,,,,,,,,,,,,
310151202216001H01801,1,35.018.01h,2017,4,.2,.2,,,,,.2,.2,,,,,,,,,,,,,.2,,,,,,,,,,,,,,,,,,,,,,,,,,,,,,,,,,,,,,,,,,,,,,,,,,,,,,,,
310151202216001H02101,1,35.021.01h,2017,4,.2,.2,,,,,.2,.2,,,,,,,,,,,,,.2,,,,,,,,,,,,,,,,,,,,,,,,,,,,,,,,,,,,,,,,,,,,,,,,,,,,,,,,
